slab_id,steel_grade,produced_at,length,width,thickness,rough_thickness,rolling_thickness,exit_temp,charge_temp,rough_temp,finish_temp,temp_drop,process_time,furnace_time,weight,furnace,source_file,source_sheet,source_row,data_status,invalid,quality_note,record_id
SIM-008318,G05,2024-07-27T04:43:00,10226.0,1100.0,230.0,42.56,4.59,1169.26,466.42,1043.57,971.75,125.69,166.85,233.2,20309.0,,独立模拟示例.csv,独立生成,8319,完全独立模拟示例；非真实生产记录,False,,quick-1
SIM-005223,G03,2024-07-28T14:52:00,9996.0,1100.0,250.0,34.77,3.68,1184.89,492.15,1064.69,956.08,120.19,186.76,204.9,21580.0,,独立模拟示例.csv,独立生成,5224,完全独立模拟示例；非真实生产记录,False,,quick-5
SIM-002630,G02,2024-07-23T04:54:00,10079.0,1400.0,250.0,40.13,2.9,1200.57,422.5,1077.65,981.16,122.92,157.65,147.37,27691.0,,独立模拟示例.csv,独立生成,2631,完全独立模拟示例；非真实生产记录,False,,quick-10
SIM-001052,G01,2024-07-20T13:18:00,9937.0,1100.0,210.0,34.46,4.33,1218.16,430.48,1095.05,968.02,123.12,165.13,190.88,18019.0,,独立模拟示例.csv,独立生成,1053,完全独立模拟示例；非真实生产记录,False,,quick-12
SIM-006845,G04,2024-07-31T18:05:00,10093.0,1400.0,210.0,39.82,3.23,1183.08,462.97,1048.0,929.12,135.08,183.78,189.87,23293.0,,独立模拟示例.csv,独立生成,6846,完全独立模拟示例；非真实生产记录,False,,quick-18
SIM-008900,G05,2024-07-04T13:42:00,10208.0,1100.0,250.0,45.45,4.07,1172.24,553.61,1032.38,934.22,139.86,207.33,190.48,22036.0,,独立模拟示例.csv,独立生成,8901,完全独立模拟示例；非真实生产记录,False,,quick-25
SIM-001263,G01,2024-07-04T01:56:00,10116.0,1100.0,210.0,34.19,3.15,1170.1,472.08,1067.1,930.85,103.0,160.62,159.44,18345.0,,独立模拟示例.csv,独立生成,1264,完全独立模拟示例；非真实生产记录,False,,quick-54
SIM-003901,G02,2024-07-02T18:18:00,9532.0,1250.0,280.0,38.29,2.93,1214.57,413.79,1083.18,982.72,131.39,190.75,161.34,26190.0,,独立模拟示例.csv,独立生成,3902,完全独立模拟示例；非真实生产记录,False,,quick-58
SIM-007986,G04,2024-07-19T01:51:00,10163.0,1250.0,250.0,39.6,3.76,1222.94,339.29,1102.71,996.17,120.23,193.03,208.58,24930.0,,独立模拟示例.csv,独立生成,7987,完全独立模拟示例；非真实生产记录,False,,quick-60
SIM-004331,G03,2024-07-20T17:00:00,10267.0,1600.0,210.0,36.77,3.22,1167.78,435.27,1048.02,946.49,119.77,174.21,185.21,27081.0,,独立模拟示例.csv,独立生成,4332,完全独立模拟示例；非真实生产记录,False,,quick-63
SIM-007096,G04,2024-07-28T18:39:00,10372.0,1600.0,230.0,41.45,3.41,1157.98,435.43,1023.88,907.86,134.1,200.34,206.33,29962.0,,独立模拟示例.csv,独立生成,7097,完全独立模拟示例；非真实生产记录,False,,quick-86
SIM-009449,G05,2024-07-24T09:50:00,10129.0,1250.0,230.0,37.26,3.11,1150.14,464.2,1014.86,891.0,135.29,187.41,185.73,22861.0,,独立模拟示例.csv,独立生成,9450,完全独立模拟示例；非真实生产记录,False,,quick-90
SIM-001434,G01,2024-07-08T13:05:00,9257.0,1400.0,230.0,35.23,3.08,1209.09,491.59,1078.29,983.97,130.8,180.83,160.47,23400.0,,独立模拟示例.csv,独立生成,1435,完全独立模拟示例；非真实生产记录,False,,quick-110
SIM-005477,G03,2024-07-18T12:32:00,10141.0,1400.0,210.0,42.42,3.87,1176.19,473.97,1051.49,943.22,124.7,167.39,171.13,23404.0,,独立模拟示例.csv,独立生成,5478,完全独立模拟示例；非真实生产记录,False,,quick-112
SIM-002466,G02,2024-07-22T00:38:00,10336.0,1600.0,230.0,35.27,2.8,1171.23,496.99,1057.32,936.15,113.91,188.79,187.26,29859.0,,独立模拟示例.csv,独立生成,2467,完全独立模拟示例；非真实生产记录,False,,quick-116
SIM-006172,G04,2024-07-02T16:07:00,9933.0,1400.0,230.0,45.13,3.82,1187.13,394.48,1062.99,993.19,124.14,180.19,193.56,25108.0,,独立模拟示例.csv,独立生成,6173,完全独立模拟示例；非真实生产记录,False,,quick-122
SIM-008173,G05,2024-07-04T11:21:00,9913.0,1250.0,230.0,44.65,5.03,1163.07,630.56,1035.76,909.59,127.3,192.96,187.89,22372.0,,独立模拟示例.csv,独立生成,8174,完全独立模拟示例；非真实生产记录,False,,quick-149
SIM-004952,G03,2024-07-05T13:21:00,10307.0,1600.0,230.0,41.85,2.55,1196.34,420.71,1061.75,963.39,134.58,180.06,205.31,29775.0,,独立模拟示例.csv,独立生成,4953,完全独立模拟示例；非真实生产记录,False,,quick-153
SIM-003943,G02,2024-07-16T07:48:00,10500.0,1100.0,280.0,33.16,2.49,1191.74,301.39,1083.08,960.68,108.67,163.71,209.73,25387.0,,独立模拟示例.csv,独立生成,3944,完全独立模拟示例；非真实生产记录,False,,quick-159
SIM-000780,G01,2024-07-08T22:43:00,10432.0,1400.0,250.0,35.32,3.39,1179.26,349.98,1062.96,962.84,116.3,160.09,182.09,28661.0,,独立模拟示例.csv,独立生成,781,完全独立模拟示例；非真实生产记录,False,,quick-181
SIM-004154,G03,2024-07-11T12:44:00,9988.0,1250.0,250.0,39.68,2.36,1200.37,304.77,1074.34,986.58,126.03,199.32,206.7,24502.0,,独立模拟示例.csv,独立生成,4155,完全独立模拟示例；非真实生产记录,False,,quick-183
SIM-006488,G04,2024-07-04T16:03:00,9924.0,1600.0,280.0,39.03,3.38,1196.73,436.76,1074.29,971.94,122.43,159.23,184.02,34900.0,,独立模拟示例.csv,独立生成,6489,完全独立模拟示例；非真实生产记录,False,,quick-190
SIM-009292,G05,2024-07-24T12:28:00,9580.0,1400.0,250.0,41.95,2.83,1192.19,439.54,1059.29,938.53,132.9,179.94,247.59,26321.0,,独立模拟示例.csv,独立生成,9293,完全独立模拟示例；非真实生产记录,False,,quick-205
SIM-003296,G02,2024-07-02T22:03:00,10459.0,1100.0,230.0,30.29,5.12,1205.48,313.5,1075.99,962.36,129.5,178.86,167.99,20773.0,,独立模拟示例.csv,独立生成,3297,完全独立模拟示例；非真实生产记录,False,,quick-213
SIM-000715,G01,2024-07-24T17:51:00,10499.0,1600.0,250.0,35.12,3.41,1184.82,519.51,1064.42,940.96,120.41,168.42,171.36,32966.0,,独立模拟示例.csv,独立生成,716,完全独立模拟示例；非真实生产记录,False,,quick-219
SIM-004593,G03,2024-07-09T02:58:00,10131.0,1250.0,250.0,43.64,4.69,1183.63,434.55,1071.02,952.17,112.61,169.11,217.14,24853.0,,独立模拟示例.csv,独立生成,4594,完全独立模拟示例；非真实生产记录,False,,quick-232
SIM-008145,G05,2024-07-07T14:13:00,11053.0,1100.0,230.0,40.67,2.96,1208.69,453.01,1064.87,947.33,143.82,196.41,216.61,21951.0,,独立模拟示例.csv,独立生成,8146,完全独立模拟示例；非真实生产记录,False,,quick-236
SIM-007867,G04,2024-07-16T05:22:00,10202.0,1400.0,250.0,37.14,3.58,1161.39,468.81,1040.8,943.36,120.59,187.93,195.0,28030.0,,独立模拟示例.csv,独立生成,7868,完全独立模拟示例；非真实生产记录,False,,quick-253
SIM-003228,G02,2024-07-10T20:20:00,10018.0,1400.0,250.0,39.69,4.69,1217.8,370.78,1104.76,971.03,113.03,164.51,202.39,27526.0,,独立模拟示例.csv,独立生成,3229,完全独立模拟示例；非真实生产记录,False,,quick-263
SIM-001539,G01,2024-07-21T00:44:00,9462.0,1400.0,230.0,32.21,3.56,1176.66,285.54,1069.2,935.68,107.47,124.12,199.51,23917.0,,独立模拟示例.csv,独立生成,1540,完全独立模拟示例；非真实生产记录,False,,quick-276
SIM-008220,G05,2024-07-02T01:27:00,10747.0,1250.0,210.0,40.47,3.28,1171.41,389.26,1041.42,927.55,129.99,179.97,168.45,22145.0,,独立模拟示例.csv,独立生成,8221,完全独立模拟示例；非真实生产记录,False,,quick-282
SIM-004519,G03,2024-07-21T16:48:00,9381.0,1600.0,230.0,38.14,3.66,1216.83,494.15,1102.82,1000.69,114.01,171.63,212.78,27099.0,,独立模拟示例.csv,独立生成,4520,完全独立模拟示例；非真实生产记录,False,,quick-299
SIM-007555,G04,2024-07-19T20:34:00,10191.0,1100.0,230.0,41.97,2.69,1199.61,331.6,1069.53,965.45,130.07,194.05,163.37,20239.0,,独立模拟示例.csv,独立生成,7556,完全独立模拟示例；非真实生产记录,False,,quick-307
SIM-000397,G01,2024-07-27T04:28:00,9469.0,1250.0,280.0,34.7,3.98,1219.01,402.49,1093.75,995.46,125.26,195.69,172.08,26015.0,,独立模拟示例.csv,独立生成,398,完全独立模拟示例；非真实生产记录,False,,quick-313
SIM-002157,G02,2024-07-23T18:21:00,10109.0,1600.0,230.0,33.3,2.62,1172.5,453.15,1058.12,976.41,114.38,178.89,168.73,29204.0,,独立模拟示例.csv,独立生成,2158,完全独立模拟示例；非真实生产记录,False,,quick-319
SIM-004884,G03,2024-07-14T07:30:00,10088.0,1100.0,210.0,37.91,2.25,1221.61,351.58,1092.79,997.51,128.83,198.37,208.22,18292.0,,独立模拟示例.csv,独立生成,4885,完全独立模拟示例；非真实生产记录,False,,quick-342
SIM-006015,G04,2024-07-16T09:42:00,10162.0,1250.0,250.0,36.68,4.07,1211.18,442.48,1084.94,972.54,126.24,193.62,202.32,24929.0,,独立模拟示例.csv,独立生成,6016,完全独立模拟示例；非真实生产记录,False,,quick-351
SIM-000740,G01,2024-07-19T05:04:00,9884.0,1100.0,230.0,30.54,3.89,1193.97,407.81,1073.37,969.03,120.59,179.51,175.16,19629.0,,独立模拟示例.csv,独立生成,741,完全独立模拟示例；非真实生产记录,False,,quick-352
SIM-002779,G02,2024-07-28T06:10:00,9411.0,1400.0,250.0,36.96,2.23,1172.4,490.35,1055.91,941.63,116.49,180.91,190.59,25857.0,,独立模拟示例.csv,独立生成,2780,完全独立模拟示例；非真实生产记录,False,,quick-356
SIM-009225,G05,2024-07-23T10:30:00,10672.0,1400.0,210.0,42.38,3.04,1182.27,437.44,1044.15,931.57,138.12,214.04,204.8,24629.0,,独立模拟示例.csv,独立生成,9226,完全独立模拟示例；非真实生产记录,False,,quick-359
SIM-007798,G04,2024-07-02T07:03:00,9722.0,1100.0,250.0,42.66,4.21,1172.56,454.34,1044.93,958.46,127.63,177.12,181.95,20987.0,,独立模拟示例.csv,独立生成,7799,完全独立模拟示例；非真实生产记录,False,,quick-380
SIM-003835,G02,2024-07-01T20:37:00,9387.0,1600.0,230.0,33.92,3.75,1212.11,503.01,1100.58,980.62,111.53,141.39,167.27,27118.0,,独立模拟示例.csv,独立生成,3836,完全独立模拟示例；非真实生产记录,False,,quick-392
SIM-000428,G01,2024-07-03T15:17:00,9833.0,1250.0,250.0,33.35,3.24,1196.42,327.36,1081.05,969.93,115.37,151.61,175.63,24121.0,,独立模拟示例.csv,独立生成,429,完全独立模拟示例；非真实生产记录,False,,quick-408
SIM-005905,G03,2024-07-14T06:32:00,9662.0,1400.0,230.0,41.06,4.74,1202.29,340.39,1058.29,944.92,144.0,182.0,208.02,24423.0,,独立模拟示例.csv,独立生成,5906,完全独立模拟示例；非真实生产记录,False,,quick-410
SIM-007639,G04,2024-07-06T12:11:00,10719.0,1600.0,280.0,41.44,3.26,1186.25,422.6,1066.69,940.45,119.56,207.57,212.77,37698.0,,独立模拟示例.csv,独立生成,7640,完全独立模拟示例；非真实生产记录,False,,quick-418
SIM-008548,G05,2024-07-08T02:53:00,10363.0,1600.0,230.0,37.51,3.34,1202.08,374.31,1086.76,996.68,115.32,191.02,229.46,29938.0,,独立模拟示例.csv,独立生成,8549,完全独立模拟示例；非真实生产记录,False,,quick-426
SIM-005469,G03,2024-07-24T09:36:00,9752.0,1100.0,230.0,35.08,4.58,1210.63,365.65,1094.35,997.02,116.28,155.98,203.36,19369.0,,独立模拟示例.csv,独立生成,5470,完全独立模拟示例；非真实生产记录,False,,quick-441
SIM-002007,G02,2024-07-25T09:31:00,9847.0,1250.0,250.0,36.83,4.59,1200.75,413.16,1086.59,979.26,114.16,180.73,179.97,24156.0,,独立模拟示例.csv,独立生成,2008,完全独立模拟示例；非真实生产记录,False,,quick-455
SIM-001045,G01,2024-07-07T12:29:00,9352.0,1250.0,210.0,34.16,2.52,1223.08,281.83,1091.13,970.67,131.95,156.45,176.31,19270.0,,独立模拟示例.csv,独立生成,1046,完全独立模拟示例；非真实生产记录,False,,quick-473
SIM-009258,G05,2024-07-24T14:14:00,10357.0,1250.0,230.0,38.56,3.45,1170.28,513.44,1033.95,928.51,136.33,209.07,216.76,23374.0,,独立模拟示例.csv,独立生成,9259,完全独立模拟示例；非真实生产记录,False,,quick-475
SIM-005542,G03,2024-07-25T20:49:00,9673.0,1250.0,210.0,34.11,3.88,1179.26,482.87,1032.5,927.4,146.76,222.2,182.39,19933.0,,独立模拟示例.csv,独立生成,5543,完全独立模拟示例；非真实生产记录,False,,quick-482
SIM-006963,G04,2024-07-30T10:45:00,10461.0,1400.0,210.0,35.72,4.97,1229.66,571.75,1107.33,1031.49,122.34,153.15,213.81,24143.0,,独立模拟示例.csv,独立生成,6964,完全独立模拟示例；非真实生产记录,False,,quick-491
SIM-002626,G02,2024-07-04T07:04:00,10012.0,1600.0,230.0,37.88,4.45,1204.21,471.02,1072.47,971.9,131.74,171.67,191.09,28923.0,,独立模拟示例.csv,独立生成,2627,完全独立模拟示例；非真实生产记录,False,,quick-493
SIM-009734,G05,2024-07-20T11:50:00,10620.0,1600.0,230.0,43.79,3.67,1161.95,475.6,1018.13,891.25,143.82,212.18,199.29,30680.0,,独立模拟示例.csv,独立生成,9735,完全独立模拟示例；非真实生产记录,False,,quick-508
SIM-000857,G01,2024-07-09T19:07:00,10067.0,1250.0,230.0,33.76,4.17,1174.4,332.6,1077.65,943.96,96.75,172.94,210.32,22721.0,,独立模拟示例.csv,独立生成,858,完全独立模拟示例；非真实生产记录,False,,quick-524
SIM-003087,G02,2024-07-17T08:30:00,10115.0,1400.0,280.0,42.13,4.92,1197.72,391.19,1084.84,977.95,112.88,147.82,199.59,31125.0,,独立模拟示例.csv,独立生成,3088,完全独立模拟示例；非真实生产记录,False,,quick-541
SIM-007755,G04,2024-07-21T21:29:00,9744.0,1400.0,230.0,41.45,4.66,1192.63,450.62,1066.19,973.53,126.44,171.85,189.71,24629.0,,独立模拟示例.csv,独立生成,7756,完全独立模拟示例；非真实生产记录,False,,quick-553
SIM-001923,G01,2024-07-23T19:12:00,9790.0,1250.0,210.0,35.47,3.71,1194.15,440.75,1068.69,956.35,125.46,188.15,173.93,20174.0,,独立模拟示例.csv,独立生成,1924,完全独立模拟示例；非真实生产记录,False,,quick-558
SIM-005780,G03,2024-07-31T00:47:00,10626.0,1100.0,230.0,37.61,5.05,1184.38,496.97,1053.67,952.51,130.7,188.66,214.32,21103.0,,独立模拟示例.csv,独立生成,5781,完全独立模拟示例；非真实生产记录,False,,quick-563
SIM-008308,G05,2024-07-31T22:53:00,10592.0,1100.0,230.0,38.51,4.61,1173.41,508.55,1043.45,936.35,129.96,215.43,171.29,21037.0,,独立模拟示例.csv,独立生成,8309,完全独立模拟示例；非真实生产记录,False,,quick-568
SIM-003561,G02,2024-07-04T07:40:00,10129.0,1400.0,280.0,36.39,4.35,1189.68,383.83,1076.17,968.45,113.51,195.66,228.79,31169.0,,独立模拟示例.csv,独立生成,3562,完全独立模拟示例；非真实生产记录,False,,quick-591
SIM-009409,G05,2024-07-07T21:13:00,10469.0,1250.0,250.0,45.02,3.12,1203.78,440.57,1067.31,964.75,136.46,220.95,234.23,25681.0,,独立模拟示例.csv,独立生成,9410,完全独立模拟示例；非真实生产记录,False,,quick-606
SIM-004012,G03,2024-07-31T18:13:00,9919.0,1250.0,210.0,40.24,3.62,1242.95,508.55,1109.68,1003.66,133.27,188.35,151.51,20438.0,,独立模拟示例.csv,独立生成,4013,完全独立模拟示例；非真实生产记录,False,,quick-616
SIM-000134,G01,2024-07-04T14:13:00,9609.0,1250.0,250.0,34.1,3.49,1221.97,383.05,1107.84,978.34,114.12,158.07,179.91,23571.0,,独立模拟示例.csv,独立生成,135,完全独立模拟示例；非真实生产记录,False,,quick-622
SIM-007241,G04,2024-07-27T23:54:00,9900.0,1100.0,230.0,39.13,3.74,1185.52,459.58,1049.91,924.53,135.61,191.33,184.07,19662.0,,独立模拟示例.csv,独立生成,7242,完全独立模拟示例；非真实生产记录,False,,quick-623
SIM-009332,G05,2024-07-05T07:32:00,10990.0,1250.0,230.0,44.88,5.7,1177.84,472.76,1043.56,918.12,134.28,194.58,217.08,24804.0,,独立模拟示例.csv,独立生成,9333,完全独立模拟示例；非真实生产记录,False,,quick-634
SIM-003656,G02,2024-07-14T18:23:00,10193.0,1250.0,250.0,39.01,3.66,1191.35,394.02,1052.39,921.37,138.96,172.52,185.12,25004.0,,独立模拟示例.csv,独立生成,3657,完全独立模拟示例；非真实生产记录,False,,quick-641
SIM-005220,G03,2024-07-09T05:28:00,10030.0,1100.0,250.0,38.86,4.17,1205.88,613.58,1077.69,963.44,128.19,181.58,173.86,21651.0,,独立模拟示例.csv,独立生成,5221,完全独立模拟示例；非真实生产记录,False,,quick-654
SIM-007321,G04,2024-07-28T07:16:00,10702.0,1100.0,250.0,43.97,4.62,1174.06,405.96,1058.32,955.67,115.74,182.9,225.15,23104.0,,独立模拟示例.csv,独立生成,7322,完全独立模拟示例；非真实生产记录,False,,quick-673
SIM-001489,G01,2024-07-11T11:32:00,10515.0,1400.0,230.0,29.43,3.74,1206.73,430.77,1091.87,1027.32,114.85,192.09,216.38,26579.0,,独立模拟示例.csv,独立生成,1490,完全独立模拟示例；非真实生产记录,False,,quick-680
SIM-008969,G05,2024-07-01T22:36:00,9759.0,1600.0,250.0,48.18,4.07,1232.16,492.3,1089.45,975.44,142.71,211.51,172.67,30643.0,,独立模拟示例.csv,独立生成,8970,完全独立模拟示例；非真实生产记录,False,,quick-683
SIM-004599,G03,2024-07-10T23:45:00,8995.0,1250.0,230.0,34.24,3.9,1171.32,509.04,1043.26,898.54,128.06,178.97,198.6,20301.0,,独立模拟示例.csv,独立生成,4600,完全独立模拟示例；非真实生产记录,False,,quick-707
SIM-003198,G02,2024-07-18T16:23:00,9739.0,1250.0,280.0,38.42,4.35,1209.11,371.94,1078.5,969.03,130.61,194.77,171.81,26759.0,,独立模拟示例.csv,独立生成,3199,完全独立模拟示例；非真实生产记录,False,,quick-712
SIM-008871,G05,2024-07-25T02:16:00,10657.0,1250.0,250.0,41.57,3.08,1179.75,388.47,1053.84,936.89,125.9,205.52,173.51,26142.0,,独立模拟示例.csv,独立生成,8872,完全独立模拟示例；非真实生产记录,False,,quick-718
SIM-000163,G01,2024-07-12T18:48:00,9210.0,1600.0,210.0,28.01,4.45,1206.77,261.26,1099.91,984.46,106.85,174.43,226.31,24293.0,,独立模拟示例.csv,独立生成,164,完全独立模拟示例；非真实生产记录,False,,quick-720
SIM-007470,G04,2024-07-22T15:25:00,9820.0,1600.0,210.0,42.07,3.3,1183.66,461.21,1067.22,959.47,116.43,205.77,206.83,25902.0,,独立模拟示例.csv,独立生成,7471,完全独立模拟示例；非真实生产记录,False,,quick-733
SIM-008944,G05,2024-07-31T02:15:00,10455.0,1250.0,230.0,38.63,5.64,1190.8,466.91,1051.84,933.98,138.97,201.03,226.88,23596.0,,独立模拟示例.csv,独立生成,8945,完全独立模拟示例；非真实生产记录,False,,quick-757
SIM-000454,G01,2024-07-12T09:19:00,9784.0,1400.0,280.0,39.2,3.7,1198.15,479.04,1078.07,951.22,120.08,184.71,212.55,30108.0,,独立模拟示例.csv,独立生成,455,完全独立模拟示例；非真实生产记录,False,,quick-763
SIM-005062,G03,2024-07-12T16:27:00,10221.0,1400.0,230.0,40.48,2.76,1205.46,386.93,1090.87,1007.88,114.6,194.02,206.69,25835.0,,独立模拟示例.csv,独立生成,5063,完全独立模拟示例；非真实生产记录,False,,quick-772
SIM-006757,G04,2024-07-20T21:14:00,11031.0,1400.0,210.0,43.29,3.54,1190.06,328.28,1066.0,970.89,124.05,169.88,218.23,25458.0,,独立模拟示例.csv,独立生成,6758,完全独立模拟示例；非真实生产记录,False,,quick-775
SIM-002087,G02,2024-07-03T23:28:00,9487.0,1100.0,250.0,39.04,2.8,1200.53,337.97,1071.13,958.92,129.4,190.53,177.73,20480.0,,独立模拟示例.csv,独立生成,2088,完全独立模拟示例；非真实生产记录,False,,quick-776
SIM-000483,G01,2024-07-04T10:15:00,9997.0,1250.0,250.0,34.43,4.05,1211.17,354.8,1089.34,979.81,121.83,184.74,179.94,24525.0,,独立模拟示例.csv,独立生成,484,完全独立模拟示例；非真实生产记录,False,,quick-794
SIM-006545,G04,2024-07-29T10:57:00,10395.0,1250.0,280.0,43.85,3.96,1187.01,556.29,1049.81,950.36,137.2,194.17,185.43,28560.0,,独立模拟示例.csv,独立生成,6546,完全独立模拟示例；非真实生产记录,False,,quick-813
SIM-003305,G02,2024-07-04T00:03:00,9422.0,1250.0,250.0,39.12,5.11,1197.04,516.91,1075.71,958.42,121.34,178.68,174.39,23113.0,,独立模拟示例.csv,独立生成,3306,完全独立模拟示例；非真实生产记录,False,,quick-815
SIM-004236,G03,2024-07-20T15:09:00,9513.0,1400.0,230.0,36.54,3.49,1165.84,403.3,1044.71,931.66,121.14,170.74,221.8,24047.0,,独立模拟示例.csv,独立生成,4237,完全独立模拟示例；非真实生产记录,False,,quick-826
SIM-001104,G01,2024-07-02T04:27:00,9492.0,1250.0,250.0,33.68,4.08,1204.23,464.0,1080.84,982.83,123.39,165.32,173.05,23285.0,,独立模拟示例.csv,独立生成,1105,完全独立模拟示例；非真实生产记录,False,,quick-844
SIM-009653,G05,2024-07-23T06:23:00,10506.0,1100.0,280.0,40.17,5.25,1149.54,523.69,1028.42,927.55,121.12,210.91,268.89,25401.0,,独立模拟示例.csv,独立生成,9654,完全独立模拟示例；非真实生产记录,False,,quick-846
SIM-003237,G02,2024-07-20T19:33:00,9631.0,1400.0,210.0,30.27,3.11,1184.74,300.24,1072.4,968.47,112.34,167.2,181.53,22227.0,,独立模拟示例.csv,独立生成,3238,完全独立模拟示例；非真实生产记录,False,,quick-859
SIM-004700,G03,2024-07-19T14:57:00,10139.0,1600.0,230.0,43.77,5.36,1196.04,346.27,1073.29,972.46,122.76,180.52,207.6,29289.0,,独立模拟示例.csv,独立生成,4701,完全独立模拟示例；非真实生产记录,False,,quick-864
SIM-006706,G04,2024-07-28T18:09:00,10104.0,1400.0,210.0,32.92,4.13,1191.07,347.79,1069.58,958.68,121.49,173.26,187.54,23320.0,,独立模拟示例.csv,独立生成,6707,完全独立模拟示例；非真实生产记录,False,,quick-869
SIM-001749,G01,2024-07-03T03:08:00,9753.0,1100.0,210.0,32.04,3.03,1177.49,444.92,1065.81,963.35,111.68,170.63,182.38,17686.0,,独立模拟示例.csv,独立生成,1750,完全独立模拟示例；非真实生产记录,False,,quick-888
SIM-005192,G03,2024-07-12T22:20:00,10343.0,1250.0,230.0,32.72,3.72,1182.72,334.31,1064.81,964.35,117.92,173.7,205.89,23342.0,,独立模拟示例.csv,独立生成,5193,完全独立模拟示例；非真实生产记录,False,,quick-903
SIM-009150,G05,2024-07-06T20:39:00,11044.0,1100.0,250.0,45.01,3.86,1212.67,478.51,1083.32,975.12,129.35,208.25,198.29,23840.0,,独立模拟示例.csv,独立生成,9151,完全独立模拟示例；非真实生产记录,False,,quick-905
SIM-006011,G04,2024-07-04T08:14:00,11270.0,1400.0,230.0,40.24,3.9,1199.94,447.36,1076.16,950.67,123.78,197.49,169.29,28487.0,,独立模拟示例.csv,独立生成,6012,完全独立模拟示例；非真实生产记录,False,,quick-909
SIM-002879,G02,2024-07-07T15:25:00,9587.0,1100.0,210.0,36.58,3.82,1182.96,462.93,1074.1,978.88,108.86,142.84,176.69,17385.0,,独立模拟示例.csv,独立生成,2880,完全独立模拟示例；非真实生产记录,False,,quick-917
SIM-008319,G05,2024-07-11T04:57:00,10408.0,1400.0,230.0,42.25,6.02,1210.15,398.55,1077.54,958.25,132.61,182.45,232.93,26308.0,,独立模拟示例.csv,独立生成,8320,完全独立模拟示例；非真实生产记录,False,,quick-944
SIM-006327,G04,2024-07-23T11:42:00,9923.0,1250.0,250.0,41.31,3.55,1212.11,496.02,1087.22,973.39,124.89,173.92,169.43,24343.0,,独立模拟示例.csv,独立生成,6328,完全独立模拟示例；非真实生产记录,False,,quick-954
SIM-004469,G03,2024-07-03T22:40:00,10064.0,1250.0,230.0,38.19,4.04,1188.25,363.61,1050.11,968.62,138.14,187.03,154.09,22714.0,,独立模拟示例.csv,独立生成,4470,完全独立模拟示例；非真实生产记录,False,,quick-959
SIM-002970,G02,2024-07-13T19:12:00,10046.0,1250.0,230.0,36.01,3.87,1194.21,531.69,1077.38,945.67,116.84,170.02,207.12,22673.0,,独立模拟示例.csv,独立生成,2971,完全独立模拟示例；非真实生产记录,False,,quick-964
SIM-000190,G01,2024-07-09T23:05:00,9608.0,1400.0,210.0,36.05,4.43,1184.83,516.48,1066.45,953.72,118.38,173.0,189.66,22174.0,,独立模拟示例.csv,独立生成,191,完全独立模拟示例；非真实生产记录,False,,quick-970
SIM-009485,G05,2024-07-22T05:42:00,10735.0,1400.0,250.0,44.95,5.12,1189.0,510.97,1055.15,951.78,133.85,171.16,202.79,29495.0,,独立模拟示例.csv,独立生成,9486,完全独立模拟示例；非真实生产记录,False,,quick-994
SIM-007192,G04,2024-07-06T17:48:00,9863.0,1400.0,230.0,39.91,3.5,1176.85,489.37,1045.08,937.04,131.77,196.78,174.4,24931.0,,独立模拟示例.csv,独立生成,7193,完全独立模拟示例；非真实生产记录,False,,quick-995
SIM-003571,G02,2024-07-14T01:19:00,10079.0,1250.0,280.0,36.34,5.01,1219.95,432.71,1108.19,997.65,111.76,156.51,204.87,27691.0,,独立模拟示例.csv,独立生成,3572,完全独立模拟示例；非真实生产记录,False,,quick-1006
SIM-005232,G03,2024-07-04T21:53:00,10176.0,1100.0,210.0,34.23,2.7,1240.04,322.33,1122.02,1018.98,118.02,196.41,212.57,18453.0,,独立模拟示例.csv,独立生成,5233,完全独立模拟示例；非真实生产记录,False,,quick-1021
SIM-008197,G05,2024-07-10T08:21:00,10353.0,1100.0,230.0,45.63,3.7,1164.48,500.6,1023.24,924.01,141.24,237.37,194.36,20561.0,,独立模拟示例.csv,独立生成,8198,完全独立模拟示例；非真实生产记录,False,,quick-1041
SIM-002793,G02,2024-07-03T17:38:00,10546.0,1400.0,250.0,36.02,3.76,1168.21,511.2,1059.38,947.35,108.83,185.32,180.77,28974.0,,独立模拟示例.csv,独立生成,2794,完全独立模拟示例；非真实生产记录,False,,quick-1046
SIM-007455,G04,2024-07-08T07:20:00,9979.0,1100.0,210.0,44.67,3.91,1194.81,321.66,1060.89,972.13,133.92,182.42,215.15,18096.0,,独立模拟示例.csv,独立生成,7456,完全独立模拟示例；非真实生产记录,False,,quick-1047
SIM-000979,G01,2024-07-30T05:35:00,10275.0,1400.0,280.0,32.71,4.09,1184.63,468.84,1055.93,918.99,128.7,156.4,177.83,31619.0,,独立模拟示例.csv,独立生成,980,完全独立模拟示例；非真实生产记录,False,,quick-1053
SIM-004882,G03,2024-07-31T20:07:00,9839.0,1250.0,250.0,35.6,4.01,1158.17,445.36,1031.15,936.11,127.01,177.39,206.48,24136.0,,独立模拟示例.csv,独立生成,4883,完全独立模拟示例；非真实生产记录,False,,quick-1061
SIM-003434,G02,2024-07-26T02:44:00,10311.0,1600.0,230.0,36.18,3.24,1218.72,426.05,1092.08,984.02,126.65,164.63,192.29,29788.0,,独立模拟示例.csv,独立生成,3435,完全独立模拟示例；非真实生产记录,False,,quick-1068
SIM-008014,G05,2024-07-21T18:17:00,10420.0,1100.0,280.0,42.56,2.89,1195.89,488.44,1060.5,964.54,135.39,179.03,227.27,25194.0,,独立模拟示例.csv,独立生成,8015,完全独立模拟示例；非真实生产记录,False,,quick-1086
SIM-002358,G02,2024-07-29T21:08:00,10334.0,1600.0,280.0,38.58,3.98,1195.65,261.44,1086.66,981.23,108.99,154.01,181.59,36343.0,,独立模拟示例.csv,独立生成,2359,完全独立模拟示例；非真实生产记录,False,,quick-1093
SIM-007252,G04,2024-07-09T22:33:00,10506.0,1250.0,210.0,38.86,2.3,1159.64,516.03,1040.12,937.85,119.52,178.19,221.04,21649.0,,独立模拟示例.csv,独立生成,7253,完全独立模拟示例；非真实生产记录,False,,quick-1109
SIM-000696,G01,2024-07-02T22:55:00,10449.0,1250.0,230.0,34.23,4.42,1231.24,357.11,1104.5,1007.87,126.74,169.66,185.55,23582.0,,独立模拟示例.csv,独立生成,697,完全独立模拟示例；非真实生产记录,False,,quick-1125
SIM-003860,G02,2024-07-24T16:44:00,10573.0,1400.0,230.0,36.78,3.38,1155.19,428.65,1048.35,926.14,106.84,178.67,174.96,26726.0,,独立模拟示例.csv,独立生成,3861,完全独立模拟示例；非真实生产记录,False,,quick-1133
SIM-005086,G03,2024-07-04T14:14:00,10003.0,1250.0,250.0,35.15,4.12,1179.09,479.45,1075.64,968.26,103.45,172.89,190.28,24540.0,,独立模拟示例.csv,独立生成,5087,完全独立模拟示例；非真实生产记录,False,,quick-1136
SIM-008664,G05,2024-07-06T17:11:00,10768.0,1250.0,230.0,47.49,5.0,1187.24,455.06,1037.36,936.76,149.88,217.77,200.51,24303.0,,独立模拟示例.csv,独立生成,8665,完全独立模拟示例；非真实生产记录,False,,quick-1142
SIM-007360,G04,2024-07-20T15:01:00,10772.0,1250.0,230.0,43.82,4.42,1164.19,389.11,1030.52,931.53,133.67,193.45,218.51,24310.0,,独立模拟示例.csv,独立生成,7361,完全独立模拟示例；非真实生产记录,False,,quick-1161
SIM-002818,G02,2024-07-16T10:54:00,10026.0,1400.0,210.0,42.95,2.87,1208.72,497.11,1090.88,995.87,117.84,153.14,144.01,23139.0,,独立模拟示例.csv,独立生成,2819,完全独立模拟示例；非真实生产记录,False,,quick-1166
SIM-001359,G01,2024-07-28T19:34:00,10119.0,1100.0,250.0,27.92,2.46,1215.14,450.54,1101.18,1008.79,113.96,163.44,179.78,21844.0,,独立模拟示例.csv,独立生成,1360,完全独立模拟示例；非真实生产记录,False,,quick-1175
SIM-003403,G02,2024-07-22T10:37:00,9655.0,1400.0,210.0,34.66,3.0,1213.43,433.35,1080.81,971.55,132.62,167.17,191.9,22282.0,,独立模拟示例.csv,独立生成,3404,完全独立模拟示例；非真实生产记录,False,,quick-1195
SIM-008589,G05,2024-07-04T04:21:00,9869.0,1600.0,230.0,38.93,2.46,1173.86,465.77,1036.45,950.36,137.42,197.66,163.78,28508.0,,独立模拟示例.csv,独立生成,8590,完全独立模拟示例；非真实生产记录,False,,quick-1200
SIM-005424,G03,2024-07-10T22:50:00,9772.0,1400.0,210.0,35.69,3.86,1194.2,402.54,1065.35,945.27,128.85,183.85,195.55,22552.0,,独立模拟示例.csv,独立生成,5425,完全独立模拟示例；非真实生产记录,False,,quick-1209
SIM-006115,G04,2024-07-30T02:38:00,10341.0,1250.0,230.0,45.78,3.49,1160.65,510.17,1029.24,906.99,131.41,205.1,224.22,23337.0,,独立模拟示例.csv,独立生成,6116,完全独立模拟示例；非真实生产记录,False,,quick-1213
SIM-001765,G01,2024-07-23T00:08:00,9497.0,1100.0,230.0,31.09,3.5,1201.44,357.86,1087.73,987.59,113.71,142.97,170.91,18861.0,,独立模拟示例.csv,独立生成,1766,完全独立模拟示例；非真实生产记录,False,,quick-1220
SIM-007647,G04,2024-07-25T00:39:00,10808.0,1600.0,250.0,40.4,2.79,1183.37,361.0,1038.56,929.59,144.81,173.77,167.63,33937.0,,独立模拟示例.csv,独立生成,7648,完全独立模拟示例；非真实生产记录,False,,quick-1244
SIM-004503,G03,2024-07-07T10:44:00,10064.0,1600.0,230.0,40.1,3.79,1198.27,304.69,1086.51,1006.37,111.76,173.69,189.94,29073.0,,独立模拟示例.csv,独立生成,4504,完全独立模拟示例；非真实生产记录,False,,quick-1251
SIM-002995,G02,2024-07-12T11:42:00,10259.0,1400.0,210.0,37.34,2.73,1184.71,346.22,1060.73,961.45,123.97,165.82,193.67,23678.0,,独立模拟示例.csv,独立生成,2996,完全独立模拟示例；非真实生产记录,False,,quick-1257
SIM-000259,G01,2024-07-30T03:20:00,10291.0,1250.0,230.0,31.73,4.84,1212.29,379.04,1107.89,1018.52,104.4,172.48,189.75,23225.0,,独立模拟示例.csv,独立生成,260,完全独立模拟示例；非真实生产记录,False,,quick-1267
SIM-009873,G05,2024-07-25T14:28:00,10536.0,1250.0,230.0,38.42,4.26,1178.54,614.14,1044.68,933.75,133.86,209.33,166.32,23779.0,,独立模拟示例.csv,独立生成,9874,完全独立模拟示例；非真实生产记录,False,,quick-1275
SIM-005207,G03,2024-07-18T09:55:00,10004.0,1100.0,250.0,38.87,3.63,1190.7,445.58,1068.15,959.6,122.55,160.45,188.8,21595.0,,独立模拟示例.csv,独立生成,5208,完全独立模拟示例；非真实生产记录,False,,quick-1283
SIM-007654,G04,2024-07-25T04:52:00,10820.0,1250.0,230.0,41.4,3.13,1202.54,494.92,1057.64,972.34,144.9,200.2,177.81,24420.0,,独立模拟示例.csv,独立生成,7655,完全独立模拟示例；非真实生产记录,False,,quick-1293
SIM-001481,G01,2024-07-26T04:13:00,10079.0,1100.0,250.0,30.95,2.58,1189.32,376.83,1081.36,962.94,107.96,173.4,208.1,21758.0,,独立模拟示例.csv,独立生成,1482,完全独立模拟示例；非真实生产记录,False,,quick-1305
SIM-009259,G05,2024-07-17T06:40:00,10392.0,1600.0,250.0,45.01,4.74,1180.57,454.88,1052.9,923.6,127.67,176.61,228.69,32632.0,,独立模拟示例.csv,独立生成,9260,完全独立模拟示例；非真实生产记录,False,,quick-1322
SIM-007263,G04,2024-07-20T18:28:00,10259.0,1250.0,250.0,45.24,5.09,1158.48,413.95,1037.59,928.94,120.89,166.44,198.67,25168.0,,独立模拟示例.csv,独立生成,7264,完全独立模拟示例；非真实生产记录,False,,quick-1334
SIM-005751,G03,2024-07-22T16:59:00,9726.0,1250.0,210.0,34.27,3.88,1176.68,462.58,1057.31,939.29,119.37,177.28,205.99,20042.0,,独立模拟示例.csv,独立生成,5752,完全独立模拟示例；非真实生产记录,False,,quick-1336
SIM-000198,G01,2024-07-27T22:34:00,9002.0,1250.0,230.0,30.64,3.31,1192.73,384.31,1076.13,935.34,116.6,180.29,171.49,20317.0,,独立模拟示例.csv,独立生成,199,完全独立模拟示例；非真实生产记录,False,,quick-1348
SIM-002472,G02,2024-07-12T08:44:00,9699.0,1600.0,230.0,34.87,4.18,1197.48,404.82,1079.46,986.34,118.02,152.69,159.13,28018.0,,独立模拟示例.csv,独立生成,2473,完全独立模拟示例；非真实生产记录,False,,quick-1352
SIM-008046,G05,2024-07-10T08:10:00,10221.0,1400.0,230.0,46.83,4.19,1167.47,220.58,1032.6,911.73,134.87,184.38,189.76,25836.0,,独立模拟示例.csv,独立生成,8047,完全独立模拟示例；非真实生产记录,False,,quick-1370
SIM-004318,G03,2024-07-14T20:17:00,9870.0,1250.0,250.0,39.04,4.09,1187.76,464.32,1066.44,972.93,121.32,196.98,213.49,24211.0,,独立模拟示例.csv,独立生成,4319,完全独立模拟示例；非真实生产记录,False,,quick-1375
SIM-006956,G04,2024-07-16T04:35:00,9999.0,1250.0,250.0,31.37,4.45,1199.28,332.99,1070.39,970.12,128.89,189.49,195.28,24530.0,,独立模拟示例.csv,独立生成,6957,完全独立模拟示例；非真实生产记录,False,,quick-1399
SIM-003699,G02,2024-07-10T04:28:00,9836.0,1600.0,250.0,36.37,3.01,1170.12,516.75,1049.96,938.83,120.16,168.95,174.75,30885.0,,独立模拟示例.csv,独立生成,3700,完全独立模拟示例；非真实生产记录,False,,quick-1400
SIM-000985,G01,2024-07-31T18:22:00,9813.0,1600.0,230.0,37.46,3.72,1188.19,409.29,1070.64,955.64,117.55,151.55,174.7,28348.0,,独立模拟示例.csv,独立生成,986,完全独立模拟示例；非真实生产记录,False,,quick-1403
SIM-004555,G03,2024-07-12T19:19:00,10061.0,1250.0,250.0,30.13,3.33,1195.42,465.37,1073.22,940.5,122.2,204.87,169.13,24681.0,,独立模拟示例.csv,独立生成,4556,完全独立模拟示例；非真实生产记录,False,,quick-1414
SIM-009875,G05,2024-07-18T00:18:00,10844.0,1100.0,210.0,45.72,4.77,1175.09,491.29,1027.97,921.74,147.12,190.95,173.4,19664.0,,独立模拟示例.csv,独立生成,9876,完全独立模拟示例；非真实生产记录,False,,quick-1418
SIM-003949,G02,2024-07-15T00:06:00,10635.0,1250.0,230.0,32.73,2.67,1204.54,363.91,1085.2,974.5,119.35,198.72,165.85,24001.0,,独立模拟示例.csv,独立生成,3950,完全独立模拟示例；非真实生产记录,False,,quick-1448
SIM-009658,G05,2024-07-11T17:56:00,10254.0,1400.0,280.0,37.45,3.84,1169.3,438.92,1038.09,915.43,131.22,207.02,203.97,31554.0,,独立模拟示例.csv,独立生成,9659,完全独立模拟示例；非真实生产记录,False,,quick-1453
SIM-007205,G04,2024-07-12T04:47:00,10686.0,1250.0,250.0,41.98,4.71,1207.37,350.92,1082.38,964.35,124.99,195.87,214.04,26214.0,,独立模拟示例.csv,独立生成,7206,完全独立模拟示例；非真实生产记录,False,,quick-1462
SIM-004060,G03,2024-07-27T00:15:00,10030.0,1100.0,280.0,39.24,4.64,1227.9,469.67,1100.36,982.01,127.54,201.87,186.76,24250.0,,独立模拟示例.csv,独立生成,4061,完全独立模拟示例；非真实生产记录,False,,quick-1466
SIM-001201,G01,2024-07-10T16:46:00,9563.0,1600.0,250.0,37.03,3.1,1205.5,419.76,1089.58,993.07,115.93,163.5,185.89,30029.0,,独立模拟示例.csv,独立生成,1202,完全独立模拟示例；非真实生产记录,False,,quick-1468
SIM-002986,G02,2024-07-04T02:00:00,10510.0,1100.0,250.0,37.44,3.17,1209.61,476.23,1101.53,998.34,108.08,150.49,160.6,22689.0,,独立模拟示例.csv,独立生成,2987,完全独立模拟示例；非真实生产记录,False,,quick-1496
SIM-001305,G01,2024-07-15T20:28:00,9899.0,1600.0,250.0,35.07,3.72,1188.08,443.35,1079.16,968.52,108.92,144.48,161.26,31081.0,,独立模拟示例.csv,独立生成,1306,完全独立模拟示例；非真实生产记录,False,,quick-1500
SIM-009654,G05,2024-07-04T14:14:00,10080.0,1600.0,210.0,44.78,3.36,1177.64,426.08,1052.42,950.6,125.22,194.95,246.79,26586.0,,独立模拟示例.csv,独立生成,9655,完全独立模拟示例；非真实生产记录,False,,quick-1506
SIM-004742,G03,2024-07-13T10:42:00,10622.0,1400.0,250.0,39.66,5.16,1221.77,384.9,1101.11,990.21,120.66,179.77,183.11,29183.0,,独立模拟示例.csv,独立生成,4743,完全独立模拟示例；非真实生产记录,False,,quick-1518
SIM-006117,G04,2024-07-11T10:45:00,9699.0,1100.0,210.0,37.44,4.74,1169.97,402.31,1034.54,938.53,135.43,201.35,198.14,17587.0,,独立模拟示例.csv,独立生成,6118,完全独立模拟示例；非真实生产记录,False,,quick-1519
SIM-001969,G01,2024-07-02T15:48:00,10035.0,1100.0,230.0,33.29,3.55,1178.7,341.03,1071.0,932.71,107.7,161.75,222.16,19930.0,,独立模拟示例.csv,独立生成,1970,完全独立模拟示例；非真实生产记录,False,,quick-1542
SIM-003929,G02,2024-07-17T23:00:00,9753.0,1250.0,230.0,37.83,4.55,1250.23,547.57,1122.16,1011.84,128.06,151.81,176.18,22012.0,,独立模拟示例.csv,独立生成,3930,完全独立模拟示例；非真实生产记录,False,,quick-1550
SIM-007692,G04,2024-07-04T13:56:00,10063.0,1250.0,250.0,38.04,4.49,1141.93,444.01,1015.76,924.83,126.18,165.95,232.96,24685.0,,独立模拟示例.csv,独立生成,7693,完全独立模拟示例；非真实生产记录,False,,quick-1558
SIM-005287,G03,2024-07-10T18:33:00,9595.0,1100.0,230.0,43.13,4.8,1211.92,257.92,1088.71,975.59,123.21,187.55,178.79,19057.0,,独立模拟示例.csv,独立生成,5288,完全独立模拟示例；非真实生产记录,False,,quick-1561
SIM-002594,G02,2024-07-31T00:08:00,9741.0,1600.0,250.0,34.53,2.56,1191.31,301.62,1074.69,977.91,116.62,152.22,192.01,30585.0,,独立模拟示例.csv,独立生成,2595,完全独立模拟示例；非真实生产记录,False,,quick-1583
SIM-009064,G05,2024-07-01T12:13:00,10363.0,1600.0,250.0,44.93,4.21,1213.9,305.86,1080.29,970.73,133.61,208.91,193.48,32540.0,,独立模拟示例.csv,独立生成,9065,完全独立模拟示例；非真实生产记录,False,,quick-1595
SIM-007557,G04,2024-07-29T07:14:00,10161.0,1400.0,210.0,41.29,4.45,1195.57,453.31,1066.52,956.9,129.05,180.89,177.84,23450.0,,独立模拟示例.csv,独立生成,7558,完全独立模拟示例；非真实生产记录,False,,quick-1603
SIM-004363,G03,2024-07-04T11:30:00,10132.0,1600.0,230.0,37.28,4.68,1197.39,338.13,1074.69,962.13,122.7,188.12,187.48,29271.0,,独立模拟示例.csv,独立生成,4364,完全独立模拟示例；非真实生产记录,False,,quick-1614
SIM-009264,G05,2024-07-27T12:29:00,10330.0,1100.0,230.0,39.88,3.33,1195.81,424.73,1054.64,935.57,141.16,214.95,206.08,20515.0,,独立模拟示例.csv,独立生成,9265,完全独立模拟示例；非真实生产记录,False,,quick-1620
SIM-000777,G01,2024-07-18T22:59:00,9736.0,1100.0,250.0,33.6,3.27,1205.45,180.0,1079.27,977.0,126.17,181.92,173.72,21018.0,,独立模拟示例.csv,独立生成,778,完全独立模拟示例；非真实生产记录,False,,quick-1625
SIM-006031,G04,2024-07-15T05:53:00,10515.0,1600.0,280.0,37.21,4.94,1158.33,449.17,1031.62,914.72,126.71,182.95,188.35,36977.0,,独立模拟示例.csv,独立生成,6032,完全独立模拟示例；非真实生产记录,False,,quick-1634
SIM-002275,G02,2024-07-29T15:24:00,9879.0,1400.0,280.0,32.19,2.11,1210.12,237.68,1093.85,990.85,116.26,150.06,186.99,30400.0,,独立模拟示例.csv,独立生成,2276,完全独立模拟示例；非真实生产记录,False,,quick-1653
SIM-004905,G03,2024-07-13T17:10:00,9743.0,1400.0,230.0,41.64,1.98,1219.78,368.79,1082.84,983.96,136.94,186.03,157.47,24627.0,,独立模拟示例.csv,独立生成,4906,完全独立模拟示例；非真实生产记录,False,,quick-1665
SIM-001009,G01,2024-07-20T04:14:00,9542.0,1600.0,250.0,35.19,2.94,1170.5,362.02,1062.31,931.23,108.19,129.5,181.24,29960.0,,独立模拟示例.csv,独立生成,1010,完全独立模拟示例；非真实生产记录,False,,quick-1668
SIM-007726,G04,2024-07-27T07:40:00,10314.0,1400.0,230.0,35.42,3.9,1159.22,581.1,1030.52,904.44,128.7,208.12,191.72,26070.0,,独立模拟示例.csv,独立生成,7727,完全独立模拟示例；非真实生产记录,False,,quick-1673
SIM-008287,G05,2024-07-17T07:45:00,9399.0,1100.0,230.0,44.16,5.06,1182.52,393.5,1035.89,937.91,146.63,234.93,186.96,18666.0,,独立模拟示例.csv,独立生成,8288,完全独立模拟示例；非真实生产记录,False,,quick-1686
SIM-002448,G02,2024-07-14T18:50:00,10708.0,1400.0,230.0,37.12,3.08,1181.09,427.97,1056.71,959.46,124.38,142.26,184.87,27066.0,,独立模拟示例.csv,独立生成,2449,完全独立模拟示例；非真实生产记录,False,,quick-1709
SIM-006139,G04,2024-07-31T22:47:00,10606.0,1400.0,230.0,35.91,2.26,1191.03,335.21,1073.75,951.85,117.27,158.41,176.06,26809.0,,独立模拟示例.csv,独立生成,6140,完全独立模拟示例；非真实生产记录,False,,quick-1714
SIM-005923,G03,2024-07-06T04:49:00,10241.0,1250.0,210.0,41.88,3.95,1176.89,460.6,1060.41,953.35,116.48,160.84,222.81,21103.0,,独立模拟示例.csv,独立生成,5924,完全独立模拟示例；非真实生产记录,False,,quick-1725
SIM-000803,G01,2024-07-01T07:57:00,10284.0,1400.0,280.0,35.51,3.45,1200.44,325.49,1084.57,987.41,115.87,176.12,158.82,31645.0,,独立模拟示例.csv,独立生成,804,完全独立模拟示例；非真实生产记录,False,,quick-1733
SIM-009156,G05,2024-07-09T20:02:00,10810.0,1250.0,230.0,40.22,3.31,1180.77,532.7,1051.57,950.4,129.2,193.8,217.28,24397.0,,独立模拟示例.csv,独立生成,9157,完全独立模拟示例；非真实生产记录,False,,quick-1745
SIM-009026,G05,2024-07-09T10:41:00,10387.0,1100.0,280.0,42.47,2.97,1169.86,469.41,1042.63,943.83,127.23,199.9,212.83,25113.0,,独立模拟示例.csv,独立生成,9027,完全独立模拟示例；非真实生产记录,False,,quick-1769
SIM-000831,G01,2024-07-10T17:50:00,9749.0,1100.0,210.0,34.82,3.34,1168.8,375.76,1073.34,983.98,95.46,152.24,150.04,17678.0,,独立模拟示例.csv,独立生成,832,完全独立模拟示例；非真实生产记录,False,,quick-1771
SIM-002345,G02,2024-07-22T10:48:00,10058.0,1400.0,230.0,35.58,2.25,1198.34,238.25,1067.2,979.34,131.13,174.1,187.37,25424.0,,独立模拟示例.csv,独立生成,2346,完全独立模拟示例；非真实生产记录,False,,quick-1773
SIM-004537,G03,2024-07-29T02:07:00,9879.0,1400.0,210.0,39.13,4.57,1193.62,574.06,1071.25,953.77,122.37,207.79,220.48,22800.0,,独立模拟示例.csv,独立生成,4538,完全独立模拟示例；非真实生产记录,False,,quick-1774
SIM-006388,G04,2024-07-18T23:08:00,10199.0,1400.0,230.0,39.51,3.77,1182.84,461.7,1063.34,983.81,119.5,204.96,195.75,25781.0,,独立模拟示例.csv,独立生成,6389,完全独立模拟示例；非真实生产记录,False,,quick-1781
SIM-008807,G05,2024-07-21T11:24:00,10187.0,1250.0,230.0,40.09,3.84,1184.3,469.18,1058.18,947.61,126.12,203.76,239.42,22990.0,,独立模拟示例.csv,独立生成,8808,完全独立模拟示例；非真实生产记录,False,,quick-1805
SIM-007616,G04,2024-07-03T06:02:00,10552.0,1250.0,230.0,45.13,3.45,1157.74,439.73,1024.68,903.56,133.06,207.57,206.64,23815.0,,独立模拟示例.csv,独立生成,7617,完全独立模拟示例；非真实生产记录,False,,quick-1817
SIM-003290,G02,2024-07-29T18:17:00,9292.0,1100.0,280.0,33.58,4.63,1185.47,306.89,1064.08,958.66,121.38,171.17,160.29,22466.0,,独立模拟示例.csv,独立生成,3291,完全独立模拟示例；非真实生产记录,False,,quick-1820
SIM-005628,G03,2024-07-19T23:36:00,10736.0,1250.0,250.0,37.39,3.73,1176.76,252.14,1065.58,961.08,111.18,191.91,199.12,26336.0,,独立模拟示例.csv,独立生成,5629,完全独立模拟示例；非真实生产记录,False,,quick-1834
SIM-001273,G01,2024-07-02T02:00:00,9694.0,1400.0,210.0,28.62,1.83,1189.74,392.18,1075.47,984.4,114.27,170.44,139.33,22373.0,,独立模拟示例.csv,独立生成,1274,完全独立模拟示例；非真实生产记录,False,,quick-1837
SIM-008434,G05,2024-07-14T16:44:00,10339.0,1400.0,250.0,42.92,3.42,1199.61,599.67,1060.87,961.38,138.74,201.29,238.22,28407.0,,独立模拟示例.csv,独立生成,8435,完全独立模拟示例；非真实生产记录,False,,quick-1847
SIM-002597,G02,2024-07-11T04:47:00,10652.0,1100.0,210.0,33.55,4.36,1175.52,400.85,1049.16,933.04,126.36,155.64,178.94,19316.0,,独立模拟示例.csv,独立生成,2598,完全独立模拟示例；非真实生产记录,False,,quick-1865
SIM-000533,G01,2024-07-25T16:11:00,10165.0,1400.0,250.0,34.74,3.73,1206.49,281.86,1076.7,978.84,129.79,192.77,188.06,27929.0,,独立模拟示例.csv,独立生成,534,完全独立模拟示例；非真实生产记录,False,,quick-1873
SIM-005240,G03,2024-07-22T13:50:00,9950.0,1600.0,210.0,37.19,4.1,1201.1,373.43,1073.42,981.13,127.68,153.09,201.41,26245.0,,独立模拟示例.csv,独立生成,5241,完全独立模拟示例；非真实生产记录,False,,quick-1877
SIM-002269,G02,2024-07-19T13:20:00,9827.0,1250.0,280.0,34.51,2.38,1200.97,447.75,1087.48,979.46,113.49,160.24,162.89,27001.0,,独立模拟示例.csv,独立生成,2270,完全独立模拟示例；非真实生产记录,False,,quick-1908
SIM-001854,G01,2024-07-19T05:58:00,9899.0,1100.0,230.0,34.37,3.13,1232.81,350.17,1112.41,1004.91,120.39,169.11,179.01,19660.0,,独立模拟示例.csv,独立生成,1855,完全独立模拟示例；非真实生产记录,False,,quick-1909
SIM-006953,G04,2024-07-30T08:28:00,9523.0,1100.0,280.0,41.39,4.31,1166.63,375.35,1044.92,934.2,121.71,210.4,193.67,23025.0,,独立模拟示例.csv,独立生成,6954,完全独立模拟示例；非真实生产记录,False,,quick-1911
SIM-005986,G03,2024-07-07T14:39:00,10653.0,1250.0,210.0,31.15,3.29,1180.82,444.22,1064.03,944.55,116.79,203.88,186.75,21951.0,,独立模拟示例.csv,独立生成,5987,完全独立模拟示例；非真实生产记录,False,,quick-1918
SIM-008230,G05,2024-07-12T17:23:00,10211.0,1400.0,250.0,36.93,5.16,1184.4,488.51,1038.7,938.43,145.7,201.96,192.55,28055.0,,独立模拟示例.csv,独立生成,8231,完全独立模拟示例；非真实生产记录,False,,quick-1929
SIM-007984,G04,2024-07-12T05:13:00,10005.0,1100.0,230.0,43.42,4.0,1167.52,551.54,1034.93,922.54,132.59,204.26,187.11,19871.0,,独立模拟示例.csv,独立生成,7985,完全独立模拟示例；非真实生产记录,False,,quick-1946
SIM-002782,G02,2024-07-04T12:07:00,9743.0,1250.0,230.0,39.37,3.69,1189.43,294.81,1064.2,973.26,125.23,187.9,155.35,21988.0,,独立模拟示例.csv,独立生成,2783,完全独立模拟示例；非真实生产记录,False,,quick-1949
SIM-000517,G01,2024-07-05T13:14:00,10595.0,1400.0,250.0,35.13,2.7,1178.7,515.69,1039.57,939.86,139.14,194.53,143.29,29109.0,,独立模拟示例.csv,独立生成,518,完全独立模拟示例；非真实生产记录,False,,quick-1958
SIM-004859,G03,2024-07-18T20:32:00,10545.0,1250.0,250.0,39.32,3.88,1179.33,512.84,1046.22,923.31,133.11,176.31,182.8,25869.0,,独立模拟示例.csv,独立生成,4860,完全独立模拟示例；非真实生产记录,False,,quick-1962
SIM-007435,G04,2024-07-01T01:53:00,9850.0,1400.0,280.0,46.84,4.17,1171.89,418.93,1048.33,963.01,123.56,167.79,188.46,30311.0,,独立模拟示例.csv,独立生成,7436,完全独立模拟示例；非真实生产记录,False,,quick-1990
SIM-009443,G05,2024-07-14T12:15:00,10821.0,1100.0,280.0,46.58,3.77,1194.07,303.17,1052.85,936.97,141.22,194.17,228.92,26164.0,,独立模拟示例.csv,独立生成,9444,完全独立模拟示例；非真实生产记录,False,,quick-1993
SIM-003012,G02,2024-07-31T02:46:00,9171.0,1100.0,250.0,31.96,3.47,1197.17,314.24,1084.24,958.6,112.92,168.49,183.8,19799.0,,独立模拟示例.csv,独立生成,3013,完全独立模拟示例；非真实生产记录,False,,quick-1997
SIM-004628,G03,2024-07-12T21:23:00,9861.0,1100.0,210.0,34.93,4.5,1186.22,447.96,1057.49,956.21,128.73,197.27,171.45,17881.0,,独立模拟示例.csv,独立生成,4629,完全独立模拟示例；非真实生产记录,False,,quick-2011
SIM-000877,G01,2024-07-12T16:14:00,9730.0,1600.0,280.0,28.85,4.72,1204.9,583.86,1081.2,970.66,123.7,173.35,184.31,34218.0,,独立模拟示例.csv,独立生成,878,完全独立模拟示例；非真实生产记录,False,,quick-2022
SIM-002147,G02,2024-07-08T03:11:00,9800.0,1100.0,250.0,37.63,4.67,1194.6,471.19,1061.16,958.66,133.44,169.8,174.03,21156.0,,独立模拟示例.csv,独立生成,2148,完全独立模拟示例；非真实生产记录,False,,quick-2042
SIM-005329,G03,2024-07-20T16:00:00,9730.0,1100.0,230.0,38.98,2.99,1191.05,422.1,1063.35,950.77,127.7,177.0,193.95,19324.0,,独立模拟示例.csv,独立生成,5330,完全独立模拟示例；非真实生产记录,False,,quick-2050
SIM-008364,G05,2024-07-06T07:13:00,10729.0,1400.0,230.0,40.07,5.8,1173.93,506.42,1043.21,916.17,130.72,219.7,193.31,27120.0,,独立模拟示例.csv,独立生成,8365,完全独立模拟示例；非真实生产记录,False,,quick-2054
SIM-000902,G01,2024-07-12T06:40:00,9260.0,1100.0,230.0,36.9,2.64,1195.83,374.27,1093.64,983.44,102.19,149.72,172.9,18391.0,,独立模拟示例.csv,独立生成,903,完全独立模拟示例；非真实生产记录,False,,quick-2056
SIM-007394,G04,2024-07-28T00:02:00,9851.0,1100.0,280.0,46.01,3.49,1199.13,339.39,1055.33,933.62,143.8,239.09,205.84,23817.0,,独立模拟示例.csv,独立生成,7395,完全独立模拟示例；非真实生产记录,False,,quick-2069
SIM-003255,G02,2024-07-22T15:49:00,9675.0,1100.0,230.0,35.92,3.93,1199.3,500.01,1065.96,946.09,133.34,194.46,181.76,19215.0,,独立模拟示例.csv,独立生成,3256,完全独立模拟示例；非真实生产记录,False,,quick-2078
SIM-004558,G03,2024-07-04T13:44:00,10318.0,1400.0,230.0,39.41,3.45,1182.61,328.93,1052.11,916.66,130.5,198.15,159.79,26081.0,,独立模拟示例.csv,独立生成,4559,完全独立模拟示例；非真实生产记录,False,,quick-2090
SIM-001369,G01,2024-07-06T21:46:00,9490.0,1400.0,210.0,38.49,2.51,1187.44,336.39,1069.62,969.58,117.82,146.94,177.46,21902.0,,独立模拟示例.csv,独立生成,1370,完全独立模拟示例；非真实生产记录,False,,quick-2095
SIM-003281,G02,2024-07-28T19:07:00,10924.0,1250.0,280.0,43.41,3.86,1193.0,532.52,1067.87,941.65,125.13,184.86,162.35,30013.0,,独立模拟示例.csv,独立生成,3282,完全独立模拟示例；非真实生产记录,False,,quick-2122
SIM-005966,G03,2024-07-06T14:10:00,9699.0,1600.0,280.0,40.03,3.66,1199.1,497.26,1067.33,972.8,131.77,193.88,185.71,34110.0,,独立模拟示例.csv,独立生成,5967,完全独立模拟示例；非真实生产记录,False,,quick-2130
SIM-008027,G05,2024-07-29T22:33:00,10285.0,1100.0,230.0,39.59,3.27,1169.01,413.89,1036.87,921.02,132.14,207.08,194.27,20426.0,,独立模拟示例.csv,独立生成,8028,完全独立模拟示例；非真实生产记录,False,,quick-2137
SIM-006542,G04,2024-07-09T16:36:00,10092.0,1400.0,250.0,39.94,3.48,1173.08,358.38,1051.72,957.97,121.36,184.95,199.56,27728.0,,独立模拟示例.csv,独立生成,6543,完全独立模拟示例；非真实生产记录,False,,quick-2145
SIM-001264,G01,2024-07-25T18:08:00,9766.0,1250.0,230.0,32.93,3.95,1216.16,309.84,1105.93,999.07,110.23,166.62,144.29,22040.0,,独立模拟示例.csv,独立生成,1265,完全独立模拟示例；非真实生产记录,False,,quick-2157
SIM-003796,G02,2024-07-26T10:07:00,10254.0,1250.0,210.0,40.18,3.88,1192.87,449.77,1075.45,1001.15,117.42,178.89,173.58,21129.0,,独立模拟示例.csv,独立生成,3797,完全独立模拟示例；非真实生产记录,False,,quick-2159
SIM-004462,G03,2024-07-15T10:12:00,10001.0,1100.0,230.0,40.1,3.8,1179.5,670.0,1044.04,932.71,135.46,183.97,192.01,19863.0,,独立模拟示例.csv,独立生成,4463,完全独立模拟示例；非真实生产记录,False,,quick-2168
SIM-009788,G05,2024-07-25T14:06:00,10697.0,1600.0,210.0,47.07,3.68,1158.79,383.17,1022.83,924.12,135.97,166.71,204.5,28216.0,,独立模拟示例.csv,独立生成,9789,完全独立模拟示例；非真实生产记录,False,,quick-2183
SIM-000302,G01,2024-07-30T03:43:00,9705.0,1250.0,230.0,33.62,3.08,1183.18,496.44,1060.94,950.99,122.24,176.94,179.19,21903.0,,独立模拟示例.csv,独立生成,303,完全独立模拟示例；非真实生产记录,False,,quick-2192
SIM-003499,G02,2024-07-07T00:59:00,10049.0,1100.0,250.0,34.53,5.37,1224.25,437.51,1106.87,1017.39,117.38,151.41,169.66,21692.0,,独立模拟示例.csv,独立生成,3500,完全独立模拟示例；非真实生产记录,False,,quick-2205
SIM-004430,G03,2024-07-06T18:09:00,9762.0,1600.0,250.0,41.16,2.91,1198.57,445.28,1084.56,973.23,114.01,160.8,195.21,30652.0,,独立模拟示例.csv,独立生成,4431,完全独立模拟示例；非真实生产记录,False,,quick-2207
SIM-006256,G04,2024-07-10T08:54:00,9667.0,1400.0,250.0,33.8,3.61,1178.44,351.63,1053.38,934.39,125.05,190.36,224.85,26561.0,,独立模拟示例.csv,独立生成,6257,完全独立模拟示例；非真实生产记录,False,,quick-2226
SIM-000251,G01,2024-07-03T22:33:00,9774.0,1400.0,230.0,29.83,2.96,1193.47,484.86,1077.35,952.24,116.12,205.86,202.64,24706.0,,独立模拟示例.csv,独立生成,252,完全独立模拟示例；非真实生产记录,False,,quick-2239
SIM-005546,G03,2024-07-20T10:24:00,10181.0,1100.0,230.0,39.56,3.11,1195.72,563.59,1067.86,964.7,127.87,189.79,184.1,20220.0,,独立模拟示例.csv,独立生成,5547,完全独立模拟示例；非真实生产记录,False,,quick-2247
SIM-009990,G05,2024-07-19T03:18:00,10246.0,1250.0,250.0,47.49,4.05,1223.99,447.46,1075.93,969.58,148.07,203.56,178.11,25136.0,,独立模拟示例.csv,独立生成,9991,完全独立模拟示例；非真实生产记录,False,,quick-2248
SIM-003289,G02,2024-07-04T23:59:00,9390.0,1250.0,230.0,40.19,3.78,1223.54,462.15,1089.98,991.32,133.57,183.45,194.23,21193.0,,独立模拟示例.csv,独立生成,3290,完全独立模拟示例；非真实生产记录,False,,quick-2267
SIM-006863,G04,2024-07-24T06:26:00,9955.0,1250.0,210.0,40.02,3.33,1197.96,485.83,1062.17,953.46,135.79,172.44,164.86,20513.0,,独立模拟示例.csv,独立生成,6864,完全独立模拟示例；非真实生产记录,False,,quick-2269
SIM-008271,G05,2024-07-15T10:45:00,10078.0,1250.0,230.0,49.44,4.27,1168.05,330.23,1024.97,930.46,143.08,205.97,207.73,22744.0,,独立模拟示例.csv,独立生成,8272,完全独立模拟示例；非真实生产记录,False,,quick-2284
SIM-000523,G01,2024-07-16T11:09:00,10162.0,1600.0,280.0,29.7,3.81,1200.69,482.12,1082.15,980.0,118.53,149.93,160.24,35738.0,,独立模拟示例.csv,独立生成,524,完全独立模拟示例；非真实生产记录,False,,quick-2294
SIM-009563,G05,2024-07-19T20:42:00,10420.0,1400.0,250.0,42.84,5.07,1196.32,365.03,1061.54,953.64,134.78,192.1,213.51,28628.0,,独立模拟示例.csv,独立生成,9564,完全独立模拟示例；非真实生产记录,False,,quick-2315
SIM-002497,G02,2024-07-14T18:04:00,10665.0,1400.0,230.0,38.96,3.94,1212.58,509.66,1091.96,996.35,120.62,186.47,175.62,26958.0,,独立模拟示例.csv,独立生成,2498,完全独立模拟示例；非真实生产记录,False,,quick-2316
SIM-005429,G03,2024-07-20T15:41:00,10253.0,1400.0,230.0,35.51,3.4,1200.61,585.13,1081.79,979.52,118.81,195.02,193.66,25916.0,,独立模拟示例.csv,独立生成,5430,完全独立模拟示例；非真实生产记录,False,,quick-2318
SIM-001947,G01,2024-07-22T12:36:00,10118.0,1400.0,250.0,36.13,3.94,1198.32,483.07,1094.0,969.55,104.32,155.67,202.28,27799.0,,独立模拟示例.csv,独立生成,1948,完全独立模拟示例；非真实生产记录,False,,quick-2326
SIM-006358,G04,2024-07-08T03:12:00,10413.0,1600.0,210.0,39.76,3.8,1186.93,262.01,1044.49,963.66,142.43,180.54,215.43,27464.0,,独立模拟示例.csv,独立生成,6359,完全独立模拟示例；非真实生产记录,False,,quick-2345
SIM-004112,G03,2024-07-25T05:45:00,10200.0,1250.0,250.0,34.74,4.72,1204.63,466.95,1087.73,952.46,116.91,198.54,171.1,25022.0,,独立模拟示例.csv,独立生成,4113,完全独立模拟示例；非真实生产记录,False,,quick-2358
SIM-001568,G01,2024-07-30T21:58:00,10003.0,1400.0,210.0,34.79,3.53,1218.31,291.63,1085.04,996.23,133.26,184.23,200.2,23085.0,,独立模拟示例.csv,独立生成,1569,完全独立模拟示例；非真实生产记录,False,,quick-2369
SIM-002387,G02,2024-07-20T12:34:00,9890.0,1250.0,250.0,35.31,3.04,1191.29,380.92,1052.94,959.07,138.35,165.72,188.27,24261.0,,独立模拟示例.csv,独立生成,2388,完全独立模拟示例；非真实生产记录,False,,quick-2373
SIM-009891,G05,2024-07-11T03:28:00,10701.0,1400.0,230.0,47.18,5.05,1198.16,471.79,1053.66,912.21,144.5,219.37,197.49,27048.0,,独立模拟示例.csv,独立生成,9892,完全独立模拟示例；非真实生产记录,False,,quick-2387
SIM-004650,G03,2024-07-02T03:06:00,10274.0,1600.0,280.0,41.65,3.01,1166.09,439.1,1037.23,946.19,128.86,161.41,230.03,36132.0,,独立模拟示例.csv,独立生成,4651,完全独立模拟示例；非真实生产记录,False,,quick-2389
SIM-007077,G04,2024-07-23T05:21:00,10392.0,1400.0,230.0,37.94,4.61,1203.39,354.88,1070.7,966.05,132.69,181.25,163.47,26269.0,,独立模拟示例.csv,独立生成,7078,完全独立模拟示例；非真实生产记录,False,,quick-2394
SIM-009348,G05,2024-07-07T09:47:00,10258.0,1400.0,250.0,37.62,4.55,1180.54,285.58,1048.12,937.8,132.42,198.25,167.91,28184.0,,独立模拟示例.csv,独立生成,9349,完全独立模拟示例；非真实生产记录,False,,quick-2416
SIM-002556,G02,2024-07-13T05:50:00,9206.0,1250.0,250.0,37.77,2.95,1215.0,448.71,1097.36,970.49,117.64,160.36,180.59,22583.0,,独立模拟示例.csv,独立生成,2557,完全独立模拟示例；非真实生产记录,False,,quick-2425
SIM-001028,G01,2024-07-10T17:52:00,9864.0,1100.0,280.0,35.53,2.84,1224.93,354.38,1103.88,998.8,121.04,148.44,199.5,23849.0,,独立模拟示例.csv,独立生成,1029,完全独立模拟示例；非真实生产记录,False,,quick-2435
SIM-007036,G04,2024-07-22T00:42:00,9858.0,1250.0,280.0,36.18,4.03,1184.21,469.69,1056.98,936.51,127.24,196.5,198.94,27086.0,,独立模拟示例.csv,独立生成,7037,完全独立模拟示例；非真实生产记录,False,,quick-2444
SIM-005682,G03,2024-07-27T12:46:00,9706.0,1600.0,250.0,40.53,3.12,1150.34,500.78,1014.58,928.03,135.76,199.07,186.52,30476.0,,独立模拟示例.csv,独立生成,5683,完全独立模拟示例；非真实生产记录,False,,quick-2455
SIM-002207,G02,2024-07-25T06:33:00,10071.0,1100.0,230.0,39.45,4.3,1191.52,180.0,1060.37,946.28,131.15,176.39,215.65,20002.0,,独立模拟示例.csv,独立生成,2208,完全独立模拟示例；非真实生产记录,False,,quick-2458
SIM-001257,G01,2024-07-21T05:08:00,9603.0,1400.0,230.0,32.76,4.45,1192.66,439.58,1082.93,995.35,109.73,169.04,199.0,24274.0,,独立模拟示例.csv,独立生成,1258,完全独立模拟示例；非真实生产记录,False,,quick-2463
SIM-009997,G05,2024-07-09T17:38:00,10922.0,1250.0,280.0,46.85,4.82,1186.05,506.55,1046.11,930.5,139.94,198.92,203.23,30008.0,,独立模拟示例.csv,独立生成,9998,完全独立模拟示例；非真实生产记录,False,,quick-2479
SIM-002455,G02,2024-07-12T01:11:00,9488.0,1100.0,230.0,34.07,2.42,1201.06,448.05,1085.23,949.59,115.84,163.53,228.76,18844.0,,独立模拟示例.csv,独立生成,2456,完全独立模拟示例；非真实生产记录,False,,quick-2483
SIM-001248,G01,2024-07-01T19:00:00,9655.0,1400.0,250.0,38.12,2.03,1200.72,375.24,1081.58,980.59,119.14,176.46,205.65,26526.0,,独立模拟示例.csv,独立生成,1249,完全独立模拟示例；非真实生产记录,False,,quick-2498
SIM-001213,G01,2024-07-02T23:29:00,9956.0,1600.0,210.0,37.68,3.47,1214.08,477.76,1090.68,978.14,123.4,174.11,217.03,26260.0,,独立模拟示例.csv,独立生成,1214,完全独立模拟示例；非真实生产记录,False,,quick-2526
SIM-005278,G03,2024-07-18T01:11:00,10005.0,1250.0,210.0,36.69,3.54,1173.59,354.46,1038.77,914.79,134.82,173.25,188.32,20617.0,,独立模拟示例.csv,独立生成,5279,完全独立模拟示例；非真实生产记录,False,,quick-2527
SIM-003303,G02,2024-07-27T20:06:00,9441.0,1600.0,230.0,40.29,4.31,1201.93,345.21,1073.23,970.59,128.7,166.45,191.16,27274.0,,独立模拟示例.csv,独立生成,3304,完全独立模拟示例；非真实生产记录,False,,quick-2533
SIM-006299,G04,2024-07-13T13:51:00,10838.0,1250.0,210.0,44.13,3.21,1194.98,357.63,1058.57,958.23,136.4,208.98,194.17,22333.0,,独立模拟示例.csv,独立生成,6300,完全独立模拟示例；非真实生产记录,False,,quick-2540
SIM-008276,G05,2024-07-10T08:10:00,10830.0,1400.0,230.0,43.21,4.27,1178.26,543.36,1042.65,957.73,135.61,201.9,218.47,27376.0,,独立模拟示例.csv,独立生成,8277,完全独立模拟示例；非真实生产记录,False,,quick-2542
SIM-001877,G01,2024-07-30T16:03:00,10291.0,1100.0,250.0,32.66,3.44,1189.36,479.0,1072.38,963.65,116.98,162.77,154.79,22215.0,,独立模拟示例.csv,独立生成,1878,完全独立模拟示例；非真实生产记录,False,,quick-2564
SIM-002773,G02,2024-07-03T20:12:00,9066.0,1250.0,280.0,34.71,4.39,1218.84,545.23,1112.78,985.37,106.06,179.5,156.97,24909.0,,独立模拟示例.csv,独立生成,2774,完全独立模拟示例；非真实生产记录,False,,quick-2573
SIM-008012,G05,2024-07-19T09:17:00,10815.0,1100.0,210.0,50.0,4.31,1206.73,306.99,1060.64,961.74,146.09,197.67,219.77,19611.0,,独立模拟示例.csv,独立生成,8013,完全独立模拟示例；非真实生产记录,False,,quick-2589
SIM-006290,G04,2024-07-08T11:13:00,10677.0,1400.0,230.0,47.66,4.92,1194.04,411.43,1056.36,956.13,137.68,181.8,198.15,26987.0,,独立模拟示例.csv,独立生成,6291,完全独立模拟示例；非真实生产记录,False,,quick-2594
SIM-005256,G03,2024-07-07T08:40:00,10478.0,1250.0,250.0,34.2,3.99,1209.98,376.18,1088.3,969.45,121.68,203.22,176.28,25704.0,,独立模拟示例.csv,独立生成,5257,完全独立模拟示例；非真实生产记录,False,,quick-2605
SIM-002874,G02,2024-07-09T11:35:00,10458.0,1250.0,250.0,33.6,1.74,1184.03,431.75,1061.69,941.91,122.34,152.29,213.35,25656.0,,独立模拟示例.csv,独立生成,2875,完全独立模拟示例；非真实生产记录,False,,quick-2608
SIM-000250,G01,2024-07-08T22:24:00,9067.0,1250.0,250.0,35.05,3.42,1205.92,428.72,1082.59,998.48,123.34,159.77,186.97,22244.0,,独立模拟示例.csv,独立生成,251,完全独立模拟示例；非真实生产记录,False,,quick-2617
SIM-008433,G05,2024-07-17T03:02:00,10101.0,1400.0,230.0,39.26,3.49,1197.36,358.02,1072.16,965.61,125.2,194.43,188.23,25533.0,,独立模拟示例.csv,独立生成,8434,完全独立模拟示例；非真实生产记录,False,,quick-2630
SIM-002983,G02,2024-07-29T01:29:00,9896.0,1250.0,250.0,40.31,3.53,1193.39,228.39,1064.6,961.41,128.78,157.89,177.43,24277.0,,独立模拟示例.csv,独立生成,2984,完全独立模拟示例；非真实生产记录,False,,quick-2648
SIM-005798,G03,2024-07-22T08:39:00,10236.0,1600.0,250.0,45.64,4.96,1184.0,354.82,1054.13,946.48,129.87,178.27,155.43,32142.0,,独立模拟示例.csv,独立生成,5799,完全独立模拟示例；非真实生产记录,False,,quick-2649
SIM-008333,G05,2024-07-07T12:53:00,10286.0,1250.0,210.0,42.85,2.98,1187.94,503.21,1049.94,925.48,138.01,181.53,215.75,21196.0,,独立模拟示例.csv,独立生成,8334,完全独立模拟示例；非真实生产记录,False,,quick-2672
SIM-006603,G04,2024-07-19T09:11:00,10602.0,1400.0,210.0,42.26,3.2,1180.71,395.24,1043.65,911.98,137.07,180.98,184.24,24469.0,,独立模拟示例.csv,独立生成,6604,完全独立模拟示例；非真实生产记录,False,,quick-2674
SIM-000184,G01,2024-07-03T11:58:00,10218.0,1600.0,210.0,35.44,3.1,1228.93,373.36,1105.7,980.31,123.23,161.25,187.9,26952.0,,独立模拟示例.csv,独立生成,185,完全独立模拟示例；非真实生产记录,False,,quick-2688
SIM-005103,G03,2024-07-07T11:24:00,10220.0,1250.0,230.0,39.51,3.22,1157.88,488.24,1039.11,944.88,118.78,190.55,188.25,23066.0,,独立模拟示例.csv,独立生成,5104,完全独立模拟示例；非真实生产记录,False,,quick-2692
SIM-007931,G04,2024-07-27T22:13:00,9922.0,1600.0,230.0,39.31,3.94,1158.91,509.82,1045.79,922.01,113.11,179.56,198.55,28663.0,,独立模拟示例.csv,独立生成,7932,完全独立模拟示例；非真实生产记录,False,,quick-2703
SIM-003531,G02,2024-07-22T01:50:00,10881.0,1100.0,280.0,37.77,3.54,1193.18,416.41,1082.1,967.98,111.08,156.52,196.16,26308.0,,独立模拟示例.csv,独立生成,3532,完全独立模拟示例；非真实生产记录,False,,quick-2716
SIM-008064,G05,2024-07-04T00:25:00,10351.0,1400.0,280.0,40.75,4.34,1182.46,525.75,1042.19,957.84,140.27,233.48,222.93,31851.0,,独立模拟示例.csv,独立生成,8065,完全独立模拟示例；非真实生产记录,False,,quick-2725
SIM-004775,G03,2024-07-21T23:34:00,10081.0,1250.0,280.0,42.26,2.21,1199.7,449.03,1077.51,966.8,122.18,168.88,197.56,27697.0,,独立模拟示例.csv,独立生成,4776,完全独立模拟示例；非真实生产记录,False,,quick-2729
SIM-001070,G01,2024-07-06T20:34:00,9734.0,1250.0,280.0,35.87,4.39,1211.31,431.81,1092.48,995.17,118.83,152.21,187.17,26743.0,,独立模拟示例.csv,独立生成,1071,完全独立模拟示例；非真实生产记录,False,,quick-2740
SIM-003807,G02,2024-07-09T02:34:00,10524.0,1400.0,230.0,33.28,3.27,1193.18,494.49,1086.76,977.98,106.41,128.82,174.85,26602.0,,独立模拟示例.csv,独立生成,3808,完全独立模拟示例；非真实生产记录,False,,quick-2765
SIM-005434,G03,2024-07-20T04:19:00,10416.0,1600.0,230.0,36.77,3.57,1231.9,449.77,1104.29,990.42,127.62,147.54,214.22,30091.0,,独立模拟示例.csv,独立生成,5435,完全独立模拟示例；非真实生产记录,False,,quick-2767
SIM-009655,G05,2024-07-26T23:30:00,10509.0,1600.0,230.0,42.92,2.96,1198.18,623.22,1079.45,969.54,118.73,211.58,190.73,30359.0,,独立模拟示例.csv,独立生成,9656,完全独立模拟示例；非真实生产记录,False,,quick-2776
SIM-006767,G04,2024-07-10T17:53:00,9972.0,1100.0,250.0,41.52,2.11,1170.91,507.64,1038.94,925.65,131.97,202.34,161.02,21527.0,,独立模拟示例.csv,独立生成,6768,完全独立模拟示例；非真实生产记录,False,,quick-2779
SIM-003297,G02,2024-07-09T15:47:00,9818.0,1100.0,280.0,39.56,5.59,1174.63,433.32,1049.26,943.82,125.37,185.19,196.76,23738.0,,独立模拟示例.csv,独立生成,3298,完全独立模拟示例；非真实生产记录,False,,quick-2798
SIM-001830,G01,2024-07-13T17:51:00,11033.0,1250.0,230.0,37.28,4.27,1206.5,568.94,1087.9,975.04,118.6,149.0,168.83,24901.0,,独立模拟示例.csv,独立生成,1831,完全独立模拟示例；非真实生产记录,False,,quick-2799
SIM-009010,G05,2024-07-07T16:42:00,10926.0,1250.0,230.0,42.09,4.4,1167.0,350.26,1034.21,926.24,132.79,183.32,187.92,24659.0,,独立模拟示例.csv,独立生成,9011,完全独立模拟示例；非真实生产记录,False,,quick-2824
SIM-005755,G03,2024-07-05T07:02:00,10131.0,1400.0,250.0,35.04,3.02,1161.97,428.28,1036.04,932.74,125.93,210.29,180.73,27836.0,,独立模拟示例.csv,独立生成,5756,完全独立模拟示例；非真实生产记录,False,,quick-2828
SIM-007269,G04,2024-07-29T21:15:00,10356.0,1400.0,210.0,38.05,3.67,1191.55,385.18,1053.21,936.27,138.33,200.98,204.7,23901.0,,独立模拟示例.csv,独立生成,7270,完全独立模拟示例；非真实生产记录,False,,quick-2837
SIM-001893,G01,2024-07-23T05:37:00,10364.0,1250.0,250.0,30.62,4.55,1188.61,458.82,1080.85,962.0,107.76,146.32,168.9,25425.0,,独立模拟示例.csv,独立生成,1894,完全独立模拟示例；非真实生产记录,False,,quick-2840
SIM-003245,G02,2024-07-01T08:35:00,9566.0,1250.0,250.0,30.91,2.71,1210.24,377.14,1082.29,959.03,127.95,150.62,205.98,23466.0,,独立模拟示例.csv,独立生成,3246,完全独立模拟示例；非真实生产记录,False,,quick-2850
SIM-004077,G03,2024-07-22T03:12:00,9692.0,1400.0,250.0,33.51,3.97,1185.87,421.86,1062.51,949.59,123.36,210.28,196.79,26628.0,,独立模拟示例.csv,独立生成,4078,完全独立模拟示例；非真实生产记录,False,,quick-2867
SIM-008977,G05,2024-07-04T10:43:00,9931.0,1400.0,230.0,46.03,4.46,1203.3,397.23,1076.03,957.51,127.27,214.32,216.17,25102.0,,独立模拟示例.csv,独立生成,8978,完全独立模拟示例；非真实生产记录,False,,quick-2873
SIM-006474,G04,2024-07-11T04:15:00,10831.0,1400.0,230.0,46.04,3.48,1211.38,476.97,1066.07,937.95,145.31,177.77,192.36,27377.0,,独立模拟示例.csv,独立生成,6475,完全独立模拟示例；非真实生产记录,False,,quick-2897
SIM-002633,G02,2024-07-29T11:22:00,10345.0,1100.0,230.0,41.4,3.58,1199.96,335.86,1073.3,981.6,126.66,193.2,190.33,20545.0,,独立模拟示例.csv,独立生成,2634,完全独立模拟示例；非真实生产记录,False,,quick-2901
SIM-008527,G05,2024-07-26T12:33:00,10059.0,1250.0,230.0,42.74,3.21,1167.9,515.71,1040.05,937.04,127.85,204.11,176.75,22701.0,,独立模拟示例.csv,独立生成,8528,完全独立模拟示例；非真实生产记录,False,,quick-2906
SIM-004329,G03,2024-07-24T17:19:00,10037.0,1100.0,230.0,32.8,3.67,1170.86,494.52,1052.39,960.83,118.47,181.33,179.73,19934.0,,独立模拟示例.csv,独立生成,4330,完全独立模拟示例；非真实生产记录,False,,quick-2908
SIM-001705,G01,2024-07-20T08:45:00,10004.0,1400.0,230.0,37.57,3.66,1185.12,271.75,1050.19,937.91,134.92,174.7,158.06,25287.0,,独立模拟示例.csv,独立生成,1706,完全独立模拟示例；非真实生产记录,False,,quick-2930
SIM-009304,G05,2024-07-14T02:00:00,10097.0,1400.0,230.0,45.5,3.42,1204.46,441.7,1073.56,962.69,130.91,191.85,208.2,25523.0,,独立模拟示例.csv,独立生成,9305,完全独立模拟示例；非真实生产记录,False,,quick-2937
SIM-004188,G03,2024-07-21T23:29:00,9944.0,1600.0,280.0,38.02,4.64,1202.64,501.07,1089.95,987.97,112.69,188.13,201.83,34972.0,,独立模拟示例.csv,独立生成,4189,完全独立模拟示例；非真实生产记录,False,,quick-2954
SIM-006230,G04,2024-07-20T15:50:00,10022.0,1400.0,230.0,41.78,3.16,1187.39,391.02,1053.05,961.37,134.34,190.21,210.21,25333.0,,独立模拟示例.csv,独立生成,6231,完全独立模拟示例；非真实生产记录,False,,quick-2957
SIM-000550,G01,2024-07-30T18:33:00,9575.0,1250.0,250.0,31.4,2.11,1193.18,433.21,1070.24,965.16,122.94,190.22,178.44,23489.0,,独立模拟示例.csv,独立生成,551,完全独立模拟示例；非真实生产记录,False,,quick-2973
SIM-003438,G02,2024-07-16T14:56:00,9411.0,1400.0,210.0,36.06,3.75,1181.34,574.03,1061.11,963.2,120.23,135.51,222.47,21719.0,,独立模拟示例.csv,独立生成,3439,完全独立模拟示例；非真实生产记录,False,,quick-2974
SIM-008825,G05,2024-07-16T12:46:00,9757.0,1250.0,230.0,40.36,4.23,1196.69,409.78,1054.29,917.04,142.41,196.37,187.58,22019.0,,独立模拟示例.csv,独立生成,8826,完全独立模拟示例；非真实生产记录,False,,quick-2986
SIM-004073,G03,2024-07-10T12:08:00,10726.0,1100.0,230.0,34.4,3.13,1183.66,505.63,1058.63,964.75,125.03,158.25,175.95,21302.0,,独立模拟示例.csv,独立生成,4074,完全独立模拟示例；非真实生产记录,False,,quick-2994
SIM-003357,G02,2024-07-19T03:10:00,9771.0,1250.0,210.0,35.03,2.38,1195.52,376.64,1072.1,973.5,123.42,150.13,184.83,20135.0,,独立模拟示例.csv,独立生成,3358,完全独立模拟示例；非真实生产记录,False,,quick-3008
SIM-009038,G05,2024-07-27T20:58:00,10507.0,1250.0,230.0,44.02,4.82,1168.33,562.12,1034.16,927.83,134.17,189.48,183.24,23714.0,,独立模拟示例.csv,独立生成,9039,完全独立模拟示例；非真实生产记录,False,,quick-3027
SIM-000978,G01,2024-07-24T23:25:00,9363.0,1250.0,230.0,35.47,2.96,1206.04,432.66,1089.16,986.85,116.87,176.45,175.56,21131.0,,独立模拟示例.csv,独立生成,979,完全独立模拟示例；非真实生产记录,False,,quick-3034
SIM-007835,G04,2024-07-15T02:57:00,10371.0,1400.0,250.0,43.97,3.6,1209.66,470.86,1079.16,963.92,130.5,194.57,208.53,28494.0,,独立模拟示例.csv,独立生成,7836,完全独立模拟示例；非真实生产记录,False,,quick-3035
SIM-005351,G03,2024-07-14T00:30:00,10826.0,1250.0,230.0,38.35,3.46,1187.63,258.63,1058.3,923.26,129.33,172.49,192.33,24432.0,,独立模拟示例.csv,独立生成,5352,完全独立模拟示例；非真实生产记录,False,,quick-3042
SIM-003774,G02,2024-07-18T12:13:00,10015.0,1600.0,230.0,38.51,3.03,1205.08,537.48,1078.51,982.8,126.57,160.68,210.66,28932.0,,独立模拟示例.csv,独立生成,3775,完全独立模拟示例；非真实生产记录,False,,quick-3060
SIM-005504,G03,2024-07-30T05:42:00,10261.0,1250.0,250.0,36.45,3.8,1208.0,565.87,1085.16,968.42,122.83,145.03,209.6,25171.0,,独立模拟示例.csv,独立生成,5505,完全独立模拟示例；非真实生产记录,False,,quick-3063
SIM-006832,G04,2024-07-30T19:13:00,10434.0,1600.0,280.0,40.55,3.61,1185.74,482.27,1050.34,943.82,135.4,172.58,199.76,36695.0,,独立模拟示例.csv,独立生成,6833,完全独立模拟示例；非真实生产记录,False,,quick-3089
SIM-003182,G02,2024-07-15T17:46:00,9756.0,1250.0,230.0,28.91,2.85,1183.03,324.21,1077.98,976.38,105.05,154.8,177.45,22019.0,,独立模拟示例.csv,独立生成,3183,完全独立模拟示例；非真实生产记录,False,,quick-3091
SIM-005615,G03,2024-07-26T03:43:00,10336.0,1400.0,280.0,39.35,4.45,1152.27,548.68,1011.86,893.59,140.42,207.24,227.2,31806.0,,独立模拟示例.csv,独立生成,5616,完全独立模拟示例；非真实生产记录,False,,quick-3099
SIM-000281,G01,2024-07-01T05:52:00,9791.0,1400.0,250.0,35.86,3.26,1207.65,291.31,1093.86,998.63,113.8,164.45,181.16,26900.0,,独立模拟示例.csv,独立生成,282,完全独立模拟示例；非真实生产记录,False,,quick-3101
SIM-009507,G05,2024-07-05T09:29:00,10521.0,1400.0,230.0,41.05,5.49,1199.7,553.39,1067.4,944.19,132.3,177.51,213.64,26593.0,,独立模拟示例.csv,独立生成,9508,完全独立模拟示例；非真实生产记录,False,,quick-3103
SIM-006062,G04,2024-07-14T00:55:00,10047.0,1250.0,230.0,40.63,4.53,1147.66,562.82,1009.66,888.32,138.0,195.37,204.58,22675.0,,独立模拟示例.csv,独立生成,6063,完全独立模拟示例；非真实生产记录,False,,quick-3136
SIM-008116,G05,2024-07-07T21:14:00,10447.0,1250.0,250.0,42.75,3.65,1176.7,466.21,1044.71,937.04,131.99,195.81,217.41,25627.0,,独立模拟示例.csv,独立生成,8117,完全独立模拟示例；非真实生产记录,False,,quick-3148
SIM-001477,G01,2024-07-27T21:55:00,9653.0,1250.0,250.0,29.33,2.8,1176.74,344.09,1068.71,951.73,108.04,163.97,191.79,23680.0,,独立模拟示例.csv,独立生成,1478,完全独立模拟示例；非真实生产记录,False,,quick-3150
SIM-003080,G02,2024-07-03T21:05:00,9468.0,1250.0,250.0,44.91,2.01,1210.72,424.29,1080.32,975.31,130.39,179.0,156.64,23227.0,,独立模拟示例.csv,独立生成,3081,完全独立模拟示例；非真实生产记录,False,,quick-3154
SIM-004975,G03,2024-07-06T14:56:00,10104.0,1600.0,230.0,39.03,4.03,1180.32,551.47,1051.94,966.69,128.38,175.76,212.69,29188.0,,独立模拟示例.csv,独立生成,4976,完全独立模拟示例；非真实生产记录,False,,quick-3158
SIM-006998,G04,2024-07-23T03:31:00,10441.0,1100.0,230.0,41.35,4.17,1194.31,408.96,1059.48,963.75,134.84,189.32,205.58,20736.0,,独立模拟示例.csv,独立生成,6999,完全独立模拟示例；非真实生产记录,False,,quick-3187
SIM-000630,G01,2024-07-09T20:18:00,9217.0,1250.0,230.0,33.03,2.41,1200.16,288.86,1084.73,979.45,115.43,184.51,182.89,20801.0,,独立模拟示例.csv,独立生成,631,完全独立模拟示例；非真实生产记录,False,,quick-3194
SIM-002128,G02,2024-07-04T02:02:00,10132.0,1100.0,280.0,32.75,3.73,1145.82,431.27,1021.89,928.43,123.93,164.82,191.63,24498.0,,独立模拟示例.csv,独立生成,2129,完全独立模拟示例；非真实生产记录,False,,quick-3195
SIM-009613,G05,2024-07-30T05:59:00,9851.0,1100.0,230.0,42.49,3.54,1196.13,464.64,1061.07,956.72,135.06,212.62,175.04,19564.0,,独立模拟示例.csv,独立生成,9614,完全独立模拟示例；非真实生产记录,False,,quick-3199
SIM-000912,G01,2024-07-28T03:10:00,9499.0,1600.0,280.0,35.95,3.42,1184.74,533.1,1074.95,967.15,109.8,156.69,178.42,33407.0,,独立模拟示例.csv,独立生成,913,完全独立模拟示例；非真实生产记录,False,,quick-3227
SIM-002971,G02,2024-07-27T09:47:00,10000.0,1250.0,230.0,35.1,3.26,1174.36,415.99,1074.65,979.56,99.72,150.03,202.17,22568.0,,独立模拟示例.csv,独立生成,2972,完全独立模拟示例；非真实生产记录,False,,quick-3232
SIM-004541,G03,2024-07-02T11:51:00,10873.0,1600.0,230.0,38.87,4.26,1193.17,405.39,1063.57,949.71,129.6,226.42,181.35,31409.0,,独立模拟示例.csv,独立生成,4542,完全独立模拟示例；非真实生产记录,False,,quick-3240
SIM-008061,G05,2024-07-20T23:12:00,9780.0,1400.0,230.0,40.7,2.94,1155.03,484.54,1024.19,934.19,130.83,186.34,214.3,24722.0,,独立模拟示例.csv,独立生成,8062,完全独立模拟示例；非真实生产记录,False,,quick-3243
SIM-006138,G04,2024-07-11T21:55:00,10209.0,1250.0,280.0,44.43,4.22,1166.13,497.07,1033.36,920.57,132.77,172.86,181.32,28049.0,,独立模拟示例.csv,独立生成,6139,完全独立模拟示例；非真实生产记录,False,,quick-3257
SIM-000783,G01,2024-07-14T03:11:00,8809.0,1600.0,230.0,37.04,2.55,1195.05,349.54,1060.41,974.29,134.64,170.81,207.83,25448.0,,独立模拟示例.csv,独立生成,784,完全独立模拟示例；非真实生产记录,False,,quick-3266
SIM-005878,G03,2024-07-25T20:30:00,10256.0,1100.0,280.0,32.17,4.58,1189.53,494.84,1060.41,950.94,129.12,198.08,177.66,24796.0,,独立模拟示例.csv,独立生成,5879,完全独立模拟示例；非真实生产记录,False,,quick-3280
SIM-003678,G02,2024-07-11T00:39:00,10027.0,1250.0,230.0,37.18,3.01,1190.0,415.71,1071.08,978.77,118.93,191.06,181.48,22630.0,,独立模拟示例.csv,独立生成,3679,完全独立模拟示例；非真实生产记录,False,,quick-3283
SIM-001192,G01,2024-07-29T04:51:00,9611.0,1400.0,250.0,37.43,2.69,1176.85,324.21,1069.4,945.84,107.45,178.0,166.7,26407.0,,独立模拟示例.csv,独立生成,1193,完全独立模拟示例；非真实生产记录,False,,quick-3298
SIM-007653,G04,2024-07-23T20:02:00,10769.0,1100.0,250.0,46.64,3.53,1193.79,446.2,1063.42,949.56,130.37,191.33,169.44,23248.0,,独立模拟示例.csv,独立生成,7654,完全独立模拟示例；非真实生产记录,False,,quick-3308
SIM-008992,G05,2024-07-03T06:06:00,9816.0,1400.0,210.0,43.49,3.84,1197.42,383.21,1069.81,961.16,127.61,193.91,237.79,22654.0,,独立模拟示例.csv,独立生成,8993,完全独立模拟示例；非真实生产记录,False,,quick-3323
SIM-003219,G02,2024-07-22T18:11:00,10161.0,1600.0,230.0,36.87,3.86,1203.19,434.32,1073.82,956.79,129.37,189.9,192.87,29352.0,,独立模拟示例.csv,独立生成,3220,完全独立模拟示例；非真实生产记录,False,,quick-3326
SIM-004416,G03,2024-07-22T10:48:00,9823.0,1100.0,230.0,38.67,2.51,1185.42,314.98,1055.16,948.37,130.27,184.78,218.41,19510.0,,独立模拟示例.csv,独立生成,4417,完全独立模拟示例；非真实生产记录,False,,quick-3329
SIM-001695,G01,2024-07-23T17:57:00,10002.0,1250.0,230.0,34.02,3.38,1163.63,462.54,1036.36,919.85,127.27,149.86,157.04,22573.0,,独立模拟示例.csv,独立生成,1696,完全独立模拟示例；非真实生产记录,False,,quick-3354
SIM-008429,G05,2024-07-28T00:26:00,10606.0,1400.0,230.0,38.16,3.45,1212.88,556.82,1085.45,989.15,127.42,202.36,181.12,26808.0,,独立模拟示例.csv,独立生成,8430,完全独立模拟示例；非真实生产记录,False,,quick-3355
SIM-006083,G04,2024-07-14T05:32:00,10165.0,1400.0,250.0,42.56,4.19,1212.07,505.15,1071.78,961.72,140.29,203.2,178.14,27928.0,,独立模拟示例.csv,独立生成,6084,完全独立模拟示例；非真实生产记录,False,,quick-3371
SIM-004120,G03,2024-07-24T09:04:00,9456.0,1400.0,230.0,33.83,5.04,1190.48,382.15,1072.54,964.25,117.94,180.33,172.84,23902.0,,独立模拟示例.csv,独立生成,4121,完全独立模拟示例；非真实生产记录,False,,quick-3372
SIM-002869,G02,2024-07-09T14:21:00,9348.0,1250.0,230.0,38.97,6.06,1210.58,428.28,1084.78,956.58,125.8,182.24,156.52,21096.0,,独立模拟示例.csv,独立生成,2870,完全独立模拟示例；非真实生产记录,False,,quick-3381
SIM-001458,G01,2024-07-19T11:06:00,10049.0,1400.0,210.0,28.69,2.22,1211.91,294.4,1093.26,1000.84,118.65,161.04,175.7,23193.0,,独立模拟示例.csv,独立生成,1459,完全独立模拟示例；非真实生产记录,False,,quick-3410
SIM-002769,G02,2024-07-15T05:46:00,9538.0,1600.0,250.0,31.34,4.86,1149.39,477.47,1048.08,935.68,101.31,174.47,193.16,29948.0,,独立模拟示例.csv,独立生成,2770,完全独立模拟示例；非真实生产记录,False,,quick-3416
SIM-006796,G04,2024-07-19T16:23:00,9767.0,1400.0,280.0,41.13,3.62,1198.81,368.14,1061.92,959.06,136.89,182.51,207.71,30054.0,,独立模拟示例.csv,独立生成,6797,完全独立模拟示例；非真实生产记录,False,,quick-3418
SIM-008913,G05,2024-07-01T01:58:00,10643.0,1400.0,250.0,36.62,3.35,1168.04,490.85,1020.89,921.61,147.15,211.94,214.63,29243.0,,独立模拟示例.csv,独立生成,8914,完全独立模拟示例；非真实生产记录,False,,quick-3420
SIM-005644,G03,2024-07-24T00:42:00,10438.0,1250.0,210.0,33.92,3.41,1195.88,418.89,1071.61,963.78,124.28,211.3,201.63,21509.0,,独立模拟示例.csv,独立生成,5645,完全独立模拟示例；非真实生产记录,False,,quick-3425
SIM-002256,G02,2024-07-04T22:33:00,10300.0,1400.0,210.0,26.49,5.25,1195.7,180.0,1073.92,975.81,121.78,179.9,172.97,23772.0,,独立模拟示例.csv,独立生成,2257,完全独立模拟示例；非真实生产记录,False,,quick-3454
SIM-007189,G04,2024-07-16T01:57:00,10171.0,1100.0,280.0,40.1,3.27,1214.69,605.16,1096.88,1001.96,117.81,177.05,228.35,24592.0,,独立模拟示例.csv,独立生成,7190,完全独立模拟示例；非真实生产记录,False,,quick-3458
SIM-004141,G03,2024-07-09T03:55:00,10508.0,1250.0,280.0,36.61,3.58,1201.75,453.8,1070.56,952.62,131.19,202.63,219.53,28871.0,,独立模拟示例.csv,独立生成,4142,完全独立模拟示例；非真实生产记录,False,,quick-3464
SIM-001655,G01,2024-07-09T06:58:00,9752.0,1100.0,250.0,34.43,3.15,1207.07,377.49,1083.33,992.69,123.74,186.35,191.21,21053.0,,独立模拟示例.csv,独立生成,1656,完全独立模拟示例；非真实生产记录,False,,quick-3479
SIM-005837,G03,2024-07-27T18:47:00,10651.0,1600.0,250.0,43.46,3.8,1180.5,363.46,1053.64,933.52,126.86,171.63,190.78,33445.0,,独立模拟示例.csv,独立生成,5838,完全独立模拟示例；非真实生产记录,False,,quick-3491
SIM-009069,G05,2024-07-09T02:20:00,10521.0,1250.0,210.0,39.11,3.38,1146.16,399.88,1024.32,908.92,121.83,200.37,214.3,21681.0,,独立模拟示例.csv,独立生成,9070,完全独立模拟示例；非真实生产记录,False,,quick-3493
SIM-003283,G02,2024-07-31T14:09:00,10138.0,1100.0,250.0,33.89,4.24,1197.93,474.73,1083.08,987.05,114.84,160.94,163.23,21885.0,,独立模拟示例.csv,独立生成,3284,完全独立模拟示例；非真实生产记录,False,,quick-3503
SIM-006742,G04,2024-07-14T04:37:00,10131.0,1400.0,210.0,40.59,4.96,1180.07,373.0,1062.53,962.33,117.54,181.15,198.32,23381.0,,独立模拟示例.csv,独立生成,6743,完全独立模拟示例；非真实生产记录,False,,quick-3520
SIM-003690,G02,2024-07-12T18:48:00,9565.0,1400.0,250.0,42.11,3.9,1187.58,434.85,1067.7,949.72,119.88,177.06,171.71,26281.0,,独立模拟示例.csv,独立生成,3691,完全独立模拟示例；非真实生产记录,False,,quick-3535
SIM-008917,G05,2024-07-02T08:23:00,10437.0,1250.0,250.0,49.35,2.48,1154.29,382.15,1026.99,927.45,127.3,198.78,176.5,25603.0,,独立模拟示例.csv,独立生成,8918,完全独立模拟示例；非真实生产记录,False,,quick-3536
SIM-006355,G04,2024-07-09T06:16:00,10235.0,1600.0,210.0,36.63,3.74,1203.24,463.12,1074.25,962.31,128.99,192.36,209.12,26995.0,,独立模拟示例.csv,独立生成,6356,完全独立模拟示例；非真实生产记录,False,,quick-3549
SIM-001699,G01,2024-07-24T00:19:00,9530.0,1100.0,280.0,37.47,4.44,1219.65,349.14,1098.19,998.46,121.46,165.55,164.15,23041.0,,独立模拟示例.csv,独立生成,1700,完全独立模拟示例；非真实生产记录,False,,quick-3561
SIM-008683,G05,2024-07-15T05:26:00,10807.0,1100.0,210.0,46.83,2.73,1146.35,453.61,1005.8,906.53,140.54,219.38,226.76,19597.0,,独立模拟示例.csv,独立生成,8684,完全独立模拟示例；非真实生产记录,False,,quick-3572
SIM-002530,G02,2024-07-22T13:54:00,9683.0,1250.0,250.0,35.56,3.53,1237.49,310.78,1091.75,980.47,145.74,194.45,193.53,23754.0,,独立模拟示例.csv,独立生成,2531,完全独立模拟示例；非真实生产记录,False,,quick-3579
SIM-005426,G03,2024-07-02T10:31:00,9595.0,1100.0,230.0,33.68,3.6,1197.47,586.22,1069.6,955.41,127.87,191.88,226.61,19056.0,,独立模拟示例.csv,独立生成,5427,完全独立模拟示例；非真实生产记录,False,,quick-3582
SIM-006936,G04,2024-07-02T09:36:00,10091.0,1400.0,230.0,45.37,4.68,1195.26,540.64,1045.01,955.62,150.25,227.97,186.91,25506.0,,独立模拟示例.csv,独立生成,6937,完全独立模拟示例；非真实生产记录,False,,quick-3585
SIM-002532,G02,2024-07-11T06:08:00,9709.0,1250.0,230.0,33.35,2.25,1207.9,355.13,1085.95,966.61,121.95,167.54,212.54,21912.0,,独立模拟示例.csv,独立生成,2533,完全独立模拟示例；非真实生产记录,False,,quick-3618
SIM-005481,G03,2024-07-08T06:18:00,8816.0,1100.0,280.0,39.09,3.83,1177.79,403.97,1050.39,922.84,127.41,160.8,193.82,21316.0,,独立模拟示例.csv,独立生成,5482,完全独立模拟示例；非真实生产记录,False,,quick-3628
SIM-009796,G05,2024-07-13T12:19:00,9631.0,1100.0,280.0,41.8,3.53,1177.56,433.22,1037.64,930.11,139.92,213.96,183.56,23286.0,,独立模拟示例.csv,独立生成,9797,完全独立模拟示例；非真实生产记录,False,,quick-3629
SIM-006248,G04,2024-07-05T14:50:00,10503.0,1600.0,280.0,41.33,4.16,1165.74,545.02,1036.37,936.99,129.37,187.1,194.12,36939.0,,独立模拟示例.csv,独立生成,6249,完全独立模拟示例；非真实生产记录,False,,quick-3634
SIM-000972,G01,2024-07-14T12:24:00,9992.0,1400.0,230.0,32.48,4.17,1184.85,311.69,1077.95,961.44,106.9,164.96,167.19,25257.0,,独立模拟示例.csv,独立生成,973,完全独立模拟示例；非真实生产记录,False,,quick-3635
SIM-009597,G05,2024-07-06T17:46:00,9892.0,1600.0,230.0,40.48,4.63,1203.68,384.88,1052.81,948.99,150.88,206.46,187.08,28575.0,,独立模拟示例.csv,独立生成,9598,完全独立模拟示例；非真实生产记录,False,,quick-3665
SIM-001036,G01,2024-07-03T23:37:00,10068.0,1250.0,230.0,27.4,2.54,1204.43,391.58,1096.76,985.73,107.67,171.93,167.46,22723.0,,独立模拟示例.csv,独立生成,1037,完全独立模拟示例；非真实生产记录,False,,quick-3678
SIM-007508,G04,2024-07-04T02:32:00,11179.0,1250.0,210.0,41.28,3.7,1185.16,449.22,1053.06,958.08,132.1,156.64,213.88,23035.0,,独立模拟示例.csv,独立生成,7509,完全独立模拟示例；非真实生产记录,False,,quick-3681
SIM-002598,G02,2024-07-07T12:24:00,9597.0,1100.0,230.0,39.94,5.07,1171.95,366.28,1042.48,939.49,129.47,183.68,215.44,19059.0,,独立模拟示例.csv,独立生成,2599,完全独立模拟示例；非真实生产记录,False,,quick-3683
SIM-005502,G03,2024-07-10T17:51:00,9964.0,1400.0,230.0,35.37,3.88,1209.74,406.04,1079.01,945.36,130.73,196.77,191.75,25186.0,,独立模拟示例.csv,独立生成,5503,完全独立模拟示例；非真实生产记录,False,,quick-3684
SIM-002863,G02,2024-07-15T22:18:00,10171.0,1600.0,230.0,35.86,3.52,1191.02,333.92,1068.72,970.29,122.3,167.9,154.71,29382.0,,独立模拟示例.csv,独立生成,2864,完全独立模拟示例；非真实生产记录,False,,quick-3719
SIM-004391,G03,2024-07-05T01:53:00,10344.0,1250.0,250.0,42.07,3.34,1207.08,404.4,1085.37,993.33,121.71,203.08,182.01,25374.0,,独立模拟示例.csv,独立生成,4392,完全独立模拟示例；非真实生产记录,False,,quick-3724
SIM-006060,G04,2024-07-22T11:24:00,10196.0,1250.0,280.0,43.09,3.38,1183.05,522.19,1044.5,914.59,138.56,186.37,199.15,28014.0,,独立模拟示例.csv,独立生成,6061,完全独立模拟示例；非真实生产记录,False,,quick-3728
SIM-008924,G05,2024-07-19T21:44:00,9960.0,1250.0,250.0,42.77,3.07,1177.33,332.53,1040.12,936.21,137.21,199.56,215.22,24433.0,,独立模拟示例.csv,独立生成,8925,完全独立模拟示例；非真实生产记录,False,,quick-3729
SIM-001806,G01,2024-07-11T03:58:00,9559.0,1400.0,210.0,25.1,2.65,1216.68,320.43,1097.68,1009.57,119.0,146.03,171.68,22060.0,,独立模拟示例.csv,独立生成,1807,完全独立模拟示例；非真实生产记录,False,,quick-3748
SIM-007607,G04,2024-07-10T20:01:00,10500.0,1600.0,230.0,41.33,4.1,1186.18,390.57,1039.57,908.36,146.62,200.51,157.71,30332.0,,独立模拟示例.csv,独立生成,7608,完全独立模拟示例；非真实生产记录,False,,quick-3764
SIM-008898,G05,2024-07-13T16:11:00,10279.0,1100.0,210.0,39.2,4.48,1158.56,478.43,1025.58,927.7,132.98,185.99,207.08,18639.0,,独立模拟示例.csv,独立生成,8899,完全独立模拟示例；非真实生产记录,False,,quick-3769
SIM-000099,G01,2024-07-13T08:40:00,10123.0,1250.0,250.0,29.21,2.1,1190.68,352.92,1084.5,979.85,106.19,184.81,190.03,24834.0,,独立模拟示例.csv,独立生成,100,完全独立模拟示例；非真实生产记录,False,,quick-3780
SIM-004528,G03,2024-07-20T08:43:00,9631.0,1250.0,230.0,36.07,3.63,1199.88,445.65,1073.94,995.84,125.95,176.97,187.53,21736.0,,独立模拟示例.csv,独立生成,4529,完全独立模拟示例；非真实生产记录,False,,quick-3782
SIM-002655,G02,2024-07-13T09:31:00,10277.0,1250.0,280.0,37.3,3.35,1175.42,436.95,1034.49,926.91,140.93,196.93,184.76,28236.0,,独立模拟示例.csv,独立生成,2656,完全独立模拟示例；非真实生产记录,False,,quick-3800
SIM-006995,G04,2024-07-17T04:58:00,9861.0,1100.0,230.0,39.61,2.58,1164.27,320.11,1030.29,923.66,133.98,176.18,151.67,19585.0,,独立模拟示例.csv,独立生成,6996,完全独立模拟示例；非真实生产记录,False,,quick-3812
SIM-004687,G03,2024-07-16T01:43:00,10468.0,1400.0,230.0,36.26,4.39,1176.73,307.86,1040.87,949.57,135.86,189.85,211.57,26460.0,,独立模拟示例.csv,独立生成,4688,完全独立模拟示例；非真实生产记录,False,,quick-3826
SIM-002850,G02,2024-07-26T09:14:00,9697.0,1400.0,280.0,43.02,3.81,1193.97,440.95,1059.64,939.57,134.34,205.44,162.53,29839.0,,独立模拟示例.csv,独立生成,2851,完全独立模拟示例；非真实生产记录,False,,quick-3836
SIM-009548,G05,2024-07-31T21:10:00,10656.0,1100.0,230.0,38.82,4.23,1199.39,295.29,1068.64,947.98,130.75,202.45,196.08,21164.0,,独立模拟示例.csv,独立生成,9549,完全独立模拟示例；非真实生产记录,False,,quick-3843
SIM-001592,G01,2024-07-21T01:40:00,9895.0,1250.0,250.0,36.17,3.18,1214.5,318.54,1097.89,993.66,116.61,208.82,171.98,24273.0,,独立模拟示例.csv,独立生成,1593,完全独立模拟示例；非真实生产记录,False,,quick-3853
SIM-007690,G04,2024-07-23T09:06:00,9959.0,1600.0,280.0,39.98,4.34,1159.29,607.52,1039.23,943.16,120.06,182.91,201.04,35026.0,,独立模拟示例.csv,独立生成,7691,完全独立模拟示例；非真实生产记录,False,,quick-3863
SIM-005005,G03,2024-07-10T10:58:00,9930.0,1400.0,210.0,35.76,3.8,1184.85,299.96,1051.38,919.73,133.46,174.79,224.0,22918.0,,独立模拟示例.csv,独立生成,5006,完全独立模拟示例；非真实生产记录,False,,quick-3865
SIM-009616,G05,2024-07-09T08:31:00,10409.0,1400.0,230.0,45.51,3.4,1153.04,408.67,1008.92,891.53,144.12,205.53,185.06,26311.0,,独立模拟示例.csv,独立生成,9617,完全独立模拟示例；非真实生产记录,False,,quick-3893
SIM-004079,G03,2024-07-23T13:10:00,10906.0,1250.0,230.0,43.16,3.18,1181.09,413.7,1064.37,957.43,116.72,197.45,189.37,24613.0,,独立模拟示例.csv,独立生成,4080,完全独立模拟示例；非真实生产记录,False,,quick-3897
SIM-003421,G02,2024-07-30T01:29:00,9706.0,1600.0,210.0,39.04,3.67,1196.22,589.31,1076.46,969.5,119.76,163.72,210.74,25601.0,,独立模拟示例.csv,独立生成,3422,完全独立模拟示例；非真实生产记录,False,,quick-3902
SIM-006191,G04,2024-07-04T00:28:00,9724.0,1100.0,250.0,38.8,5.0,1178.68,424.52,1048.7,940.12,129.98,185.36,197.74,20992.0,,独立模拟示例.csv,独立生成,6192,完全独立模拟示例；非真实生产记录,False,,quick-3911
SIM-001182,G01,2024-07-16T15:29:00,9597.0,1250.0,210.0,29.09,3.17,1212.24,346.63,1078.35,990.25,133.89,172.06,156.02,19776.0,,独立模拟示例.csv,独立生成,1183,完全独立模拟示例；非真实生产记录,False,,quick-3921
SIM-008144,G05,2024-07-09T18:44:00,10914.0,1400.0,250.0,42.78,4.69,1190.08,387.7,1070.13,976.38,119.94,179.97,231.12,29985.0,,独立模拟示例.csv,独立生成,8145,完全独立模拟示例；非真实生产记录,False,,quick-3934
SIM-005347,G03,2024-07-16T12:36:00,9641.0,1400.0,230.0,38.02,3.31,1195.68,356.36,1084.58,986.98,111.1,196.65,195.71,24370.0,,独立模拟示例.csv,独立生成,5348,完全独立模拟示例；非真实生产记录,False,,quick-3939
SIM-003606,G02,2024-07-11T13:49:00,9747.0,1100.0,230.0,34.59,2.87,1203.19,377.48,1063.05,965.59,140.14,169.21,181.68,19358.0,,独立模拟示例.csv,独立生成,3607,完全独立模拟示例；非真实生产记录,False,,quick-3947
SIM-007102,G04,2024-07-04T16:08:00,9705.0,1400.0,250.0,39.22,3.53,1170.06,405.91,1045.81,966.18,124.25,192.15,219.76,26664.0,,独立模拟示例.csv,独立生成,7103,完全独立模拟示例；非真实生产记录,False,,quick-3951
SIM-000858,G01,2024-07-31T03:00:00,9751.0,1250.0,280.0,40.38,2.79,1209.91,424.76,1085.3,982.37,124.61,150.75,189.61,26790.0,,独立模拟示例.csv,独立生成,859,完全独立模拟示例；非真实生产记录,False,,quick-3979
SIM-007212,G04,2024-07-29T21:12:00,10166.0,1600.0,230.0,35.64,4.09,1159.85,451.11,1042.18,919.79,117.67,187.08,188.56,29369.0,,独立模拟示例.csv,独立生成,7213,完全独立模拟示例；非真实生产记录,False,,quick-3983
SIM-008456,G05,2024-07-02T12:35:00,9467.0,1400.0,230.0,42.5,3.13,1175.88,490.85,1045.73,938.91,130.15,198.24,186.41,23929.0,,独立模拟示例.csv,独立生成,8457,完全独立模拟示例；非真实生产记录,False,,quick-3988
SIM-002278,G02,2024-07-15T01:37:00,9818.0,1100.0,210.0,30.78,3.47,1167.35,539.95,1048.09,927.43,119.26,175.87,206.25,17803.0,,独立模拟示例.csv,独立生成,2279,完全独立模拟示例；非真实生产记录,False,,quick-4009
SIM-006911,G04,2024-07-30T13:20:00,10012.0,1400.0,250.0,39.11,4.27,1176.63,398.91,1049.38,924.86,127.25,168.59,187.58,27507.0,,独立模拟示例.csv,独立生成,6912,完全独立模拟示例；非真实生产记录,False,,quick-4010
SIM-004258,G03,2024-07-23T17:48:00,11031.0,1250.0,230.0,42.51,3.33,1175.8,553.44,1041.51,904.84,134.29,189.0,214.96,24895.0,,独立模拟示例.csv,独立生成,4259,完全独立模拟示例；非真实生产记录,False,,quick-4024
SIM-008996,G05,2024-07-29T22:44:00,10351.0,1400.0,230.0,44.49,3.0,1182.44,370.17,1064.76,929.62,117.67,171.58,206.8,26163.0,,独立模拟示例.csv,独立生成,8997,完全独立模拟示例；非真实生产记录,False,,quick-4031
SIM-002518,G02,2024-07-12T10:45:00,10793.0,1400.0,250.0,36.42,3.8,1200.04,452.89,1068.01,970.62,132.03,181.39,206.81,29655.0,,独立模拟示例.csv,独立生成,2519,完全独立模拟示例；非真实生产记录,False,,quick-4048
SIM-006067,G04,2024-07-09T02:38:00,9714.0,1100.0,280.0,37.54,4.79,1181.61,493.3,1051.02,948.11,130.59,191.61,211.44,23487.0,,独立模拟示例.csv,独立生成,6068,完全独立模拟示例；非真实生产记录,False,,quick-4053
SIM-009999,G05,2024-07-23T15:53:00,10316.0,1100.0,280.0,45.47,3.12,1177.05,561.8,1046.47,955.72,130.58,226.78,214.04,24943.0,,独立模拟示例.csv,独立生成,10000,完全独立模拟示例；非真实生产记录,False,,quick-4066
SIM-005372,G03,2024-07-07T04:07:00,10012.0,1250.0,210.0,36.77,2.89,1178.17,391.59,1050.66,951.26,127.51,191.7,171.98,20632.0,,独立模拟示例.csv,独立生成,5373,完全独立模拟示例；非真实生产记录,False,,quick-4070
SIM-000177,G01,2024-07-11T04:19:00,9503.0,1400.0,250.0,34.38,2.2,1199.49,361.46,1070.73,935.73,128.75,181.07,175.21,26110.0,,独立模拟示例.csv,独立生成,178,完全独立模拟示例；非真实生产记录,False,,quick-4078
SIM-002206,G02,2024-07-10T14:50:00,9115.0,1100.0,250.0,37.47,2.63,1183.32,277.39,1051.44,934.52,131.87,165.91,163.29,19678.0,,独立模拟示例.csv,独立生成,2207,完全独立模拟示例；非真实生产记录,False,,quick-4083
SIM-001120,G01,2024-07-22T09:45:00,10376.0,1100.0,210.0,33.61,2.35,1213.13,358.02,1078.76,965.19,134.37,198.37,161.85,18816.0,,独立模拟示例.csv,独立生成,1121,完全独立模拟示例；非真实生产记录,False,,quick-4112
SIM-007620,G04,2024-07-17T01:48:00,11335.0,1600.0,230.0,35.19,4.08,1178.26,483.07,1060.17,964.75,118.09,192.62,202.47,32745.0,,独立模拟示例.csv,独立生成,7621,完全独立模拟示例；非真实生产记录,False,,quick-4123
SIM-003173,G02,2024-07-11T12:47:00,10382.0,1600.0,230.0,35.06,3.53,1177.33,367.57,1045.86,928.51,131.47,183.66,189.47,29991.0,,独立模拟示例.csv,独立生成,3174,完全独立模拟示例；非真实生产记录,False,,quick-4125
SIM-008157,G05,2024-07-04T21:20:00,10534.0,1250.0,280.0,48.43,3.79,1199.95,439.7,1057.18,929.2,142.77,174.46,219.15,28943.0,,独立模拟示例.csv,独立生成,8158,完全独立模拟示例；非真实生产记录,False,,quick-4131
SIM-004180,G03,2024-07-25T05:34:00,10286.0,1250.0,250.0,37.28,3.16,1187.54,577.83,1048.71,940.5,138.83,165.71,230.93,25232.0,,独立模拟示例.csv,独立生成,4181,完全独立模拟示例；非真实生产记录,False,,quick-4135
SIM-001685,G01,2024-07-19T01:28:00,9549.0,1400.0,230.0,34.53,2.96,1190.63,421.95,1076.0,971.84,114.63,172.85,192.43,24137.0,,独立模拟示例.csv,独立生成,1686,完全独立模拟示例；非真实生产记录,False,,quick-4145
SIM-006745,G04,2024-07-17T08:27:00,9397.0,1400.0,230.0,38.26,4.03,1189.85,486.91,1077.61,954.95,112.24,178.73,207.24,23752.0,,独立模拟示例.csv,独立生成,6746,完全独立模拟示例；非真实生产记录,False,,quick-4160
SIM-008330,G05,2024-07-06T13:50:00,9810.0,1100.0,250.0,44.41,4.52,1154.05,494.3,1010.67,886.41,143.38,195.71,197.2,21178.0,,独立模拟示例.csv,独立生成,8331,完全独立模拟示例；非真实生产记录,False,,quick-4171
SIM-002404,G02,2024-07-31T15:31:00,10098.0,1400.0,230.0,33.62,3.83,1175.96,436.69,1066.41,983.14,109.55,169.78,175.52,25526.0,,独立模拟示例.csv,独立生成,2405,完全独立模拟示例；非真实生产记录,False,,quick-4192
SIM-005686,G03,2024-07-29T02:31:00,10662.0,1250.0,250.0,43.0,3.92,1176.83,572.73,1043.9,929.39,132.93,178.53,190.24,26154.0,,独立模拟示例.csv,独立生成,5687,完全独立模拟示例；非真实生产记录,False,,quick-4196
SIM-008877,G05,2024-07-09T00:56:00,10212.0,1100.0,210.0,39.1,3.75,1195.46,443.52,1061.78,967.66,133.68,178.47,197.02,18518.0,,独立模拟示例.csv,独立生成,8878,完全独立模拟示例；非真实生产记录,False,,quick-4203
SIM-006827,G04,2024-07-14T03:20:00,9982.0,1400.0,250.0,41.76,4.46,1175.47,418.45,1052.96,974.9,122.51,193.07,200.19,27424.0,,独立模拟示例.csv,独立生成,6828,完全独立模拟示例；非真实生产记录,False,,quick-4216
SIM-001137,G01,2024-07-15T01:48:00,9775.0,1400.0,250.0,31.89,2.64,1192.0,453.63,1068.52,967.59,123.49,168.22,153.75,26856.0,,独立模拟示例.csv,独立生成,1138,完全独立模拟示例；非真实生产记录,False,,quick-4217
SIM-002776,G02,2024-07-22T05:25:00,9879.0,1250.0,210.0,33.55,3.28,1170.44,401.54,1055.41,952.45,115.03,179.8,170.45,20356.0,,独立模拟示例.csv,独立生成,2777,完全独立模拟示例；非真实生产记录,False,,quick-4241
SIM-007930,G04,2024-07-07T10:38:00,10057.0,1250.0,230.0,44.56,3.28,1209.36,374.32,1088.46,959.93,120.9,206.7,207.87,22698.0,,独立模拟示例.csv,独立生成,7931,完全独立模拟示例；非真实生产记录,False,,quick-4245
SIM-008379,G05,2024-07-02T14:01:00,10025.0,1100.0,230.0,43.74,4.74,1189.28,592.11,1054.71,941.47,134.57,222.41,204.54,19911.0,,独立模拟示例.csv,独立生成,8380,完全独立模拟示例；非真实生产记录,False,,quick-4246
SIM-005308,G03,2024-07-11T21:27:00,9701.0,1250.0,210.0,35.19,3.7,1183.97,355.74,1061.21,971.67,122.76,192.02,183.11,19991.0,,独立模拟示例.csv,独立生成,5309,完全独立模拟示例；非真实生产记录,False,,quick-4248
SIM-008137,G05,2024-07-29T20:51:00,10365.0,1400.0,250.0,46.88,3.7,1191.12,371.46,1045.31,919.19,145.8,198.18,186.35,28478.0,,独立模拟示例.csv,独立生成,8138,完全独立模拟示例；非真实生产记录,False,,quick-4272
SIM-005730,G03,2024-07-29T21:06:00,10041.0,1100.0,280.0,34.68,2.25,1166.86,469.9,1051.57,915.27,115.29,174.24,170.52,24278.0,,独立模拟示例.csv,独立生成,5731,完全独立模拟示例；非真实生产记录,False,,quick-4291
SIM-000507,G01,2024-07-05T02:06:00,10779.0,1250.0,230.0,30.39,3.45,1202.0,392.01,1085.31,979.12,116.69,165.11,159.18,24328.0,,独立模拟示例.csv,独立生成,508,完全独立模拟示例；非真实生产记录,False,,quick-4293
SIM-007333,G04,2024-07-17T22:59:00,9600.0,1400.0,210.0,39.16,4.07,1184.81,454.16,1054.3,936.12,130.51,209.75,193.02,22157.0,,独立模拟示例.csv,独立生成,7334,完全独立模拟示例；非真实生产记录,False,,quick-4303
SIM-002621,G02,2024-07-07T18:47:00,10702.0,1400.0,250.0,37.15,5.1,1182.87,564.2,1079.29,955.27,103.57,147.53,193.26,29405.0,,独立模拟示例.csv,独立生成,2622,完全独立模拟示例；非真实生产记录,False,,quick-4317
SIM-009559,G05,2024-07-15T20:38:00,10499.0,1250.0,280.0,41.42,4.52,1188.22,509.14,1051.17,939.3,137.05,186.39,195.51,28847.0,,独立模拟示例.csv,独立生成,9560,完全独立模拟示例；非真实生产记录,False,,quick-4329
SIM-004713,G03,2024-07-11T03:38:00,9736.0,1250.0,280.0,38.86,3.67,1159.37,491.25,1030.16,930.66,129.21,202.44,221.39,26749.0,,独立模拟示例.csv,独立生成,4714,完全独立模拟示例；非真实生产记录,False,,quick-4333
SIM-000091,G01,2024-07-05T11:02:00,9066.0,1400.0,210.0,39.54,4.15,1183.59,392.0,1068.12,958.33,115.48,157.91,161.06,20923.0,,独立模拟示例.csv,独立生成,92,完全独立模拟示例；非真实生产记录,False,,quick-4340
SIM-002890,G02,2024-07-31T18:01:00,10236.0,1400.0,250.0,37.37,3.74,1200.15,325.45,1084.33,971.53,115.82,194.02,211.42,28122.0,,独立模拟示例.csv,独立生成,2891,完全独立模拟示例；非真实生产记录,False,,quick-4358
SIM-007075,G04,2024-07-12T15:23:00,9704.0,1600.0,230.0,45.34,4.34,1176.0,326.75,1040.24,931.44,135.76,189.12,189.22,28032.0,,独立模拟示例.csv,独立生成,7076,完全独立模拟示例；非真实生产记录,False,,quick-4359
SIM-009142,G05,2024-07-27T15:33:00,10504.0,1400.0,250.0,42.27,4.17,1153.09,494.63,1028.95,917.94,124.14,201.39,189.19,28860.0,,独立模拟示例.csv,独立生成,9143,完全独立模拟示例；非真实生产记录,False,,quick-4368
SIM-000232,G01,2024-07-13T04:30:00,9799.0,1600.0,230.0,33.12,4.5,1166.42,451.6,1066.05,938.87,100.37,177.6,183.04,28309.0,,独立模拟示例.csv,独立生成,233,完全独立模拟示例；非真实生产记录,False,,quick-4376
SIM-005299,G03,2024-07-24T20:37:00,10533.0,1250.0,230.0,38.7,3.06,1218.86,470.7,1085.24,1004.36,133.62,171.12,199.14,23772.0,,独立模拟示例.csv,独立生成,5300,完全独立模拟示例；非真实生产记录,False,,quick-4385
SIM-009697,G05,2024-07-01T00:22:00,10285.0,1100.0,210.0,44.47,4.3,1163.77,525.99,1040.09,916.3,123.68,193.56,201.21,18651.0,,独立模拟示例.csv,独立生成,9698,完全独立模拟示例；非真实生产记录,False,,quick-4409
SIM-003911,G02,2024-07-30T17:16:00,9613.0,1600.0,230.0,37.45,4.88,1212.31,495.76,1103.49,989.38,108.82,156.59,184.53,27769.0,,独立模拟示例.csv,独立生成,3912,完全独立模拟示例；非真实生产记录,False,,quick-4416
SIM-007100,G04,2024-07-26T04:39:00,10463.0,1400.0,210.0,42.5,4.18,1195.26,480.62,1073.3,934.51,121.96,146.81,212.67,24149.0,,独立模拟示例.csv,独立生成,7101,完全独立模拟示例；非真实生产记录,False,,quick-4420
SIM-004732,G03,2024-07-18T06:34:00,9937.0,1400.0,250.0,43.49,3.2,1195.63,412.73,1070.79,965.24,124.84,170.39,163.52,27301.0,,独立模拟示例.csv,独立生成,4733,完全独立模拟示例；非真实生产记录,False,,quick-4421
SIM-001880,G01,2024-07-27T15:42:00,9767.0,1600.0,230.0,37.29,2.88,1226.02,459.87,1102.57,1017.97,123.45,196.4,184.48,28215.0,,独立模拟示例.csv,独立生成,1881,完全独立模拟示例；非真实生产记录,False,,quick-4450
SIM-003780,G02,2024-07-19T10:05:00,9392.0,1600.0,250.0,36.03,3.12,1166.21,180.0,1052.33,946.17,113.88,185.44,195.54,29492.0,,独立模拟示例.csv,独立生成,3781,完全独立模拟示例；非真实生产记录,False,,quick-4454
SIM-004428,G03,2024-07-15T17:36:00,10145.0,1600.0,280.0,38.42,4.24,1189.19,371.96,1075.68,968.08,113.51,188.88,234.69,35678.0,,独立模拟示例.csv,独立生成,4429,完全独立模拟示例；非真实生产记录,False,,quick-4464
SIM-006899,G04,2024-07-04T19:52:00,10165.0,1400.0,210.0,39.13,2.86,1190.2,493.83,1045.55,939.49,144.64,200.46,193.59,23459.0,,独立模拟示例.csv,独立生成,6900,完全独立模拟示例；非真实生产记录,False,,quick-4468
SIM-009404,G05,2024-07-10T15:43:00,10529.0,1400.0,280.0,43.69,3.89,1193.35,420.34,1056.31,935.37,137.04,200.91,182.67,32399.0,,独立模拟示例.csv,独立生成,9405,完全独立模拟示例；非真实生产记录,False,,quick-4483
SIM-005026,G03,2024-07-25T08:28:00,10308.0,1100.0,250.0,39.92,2.98,1184.35,449.43,1058.24,943.42,126.11,175.48,183.51,22253.0,,独立模拟示例.csv,独立生成,5027,完全独立模拟示例；非真实生产记录,False,,quick-4491
SIM-001404,G01,2024-07-27T14:59:00,9131.0,1250.0,250.0,30.15,4.65,1168.77,389.87,1054.21,945.5,114.56,144.17,192.66,22400.0,,独立模拟示例.csv,独立生成,1405,完全独立模拟示例；非真实生产记录,False,,quick-4495
SIM-002544,G02,2024-07-08T15:05:00,9977.0,1600.0,250.0,29.72,2.96,1191.89,434.15,1072.33,987.5,119.56,195.99,162.35,31329.0,,独立模拟示例.csv,独立生成,2545,完全独立模拟示例；非真实生产记录,False,,quick-4500
SIM-008912,G05,2024-07-29T07:37:00,9995.0,1250.0,210.0,41.92,3.65,1185.37,379.34,1050.31,946.05,135.06,213.66,171.79,20596.0,,独立模拟示例.csv,独立生成,8913,完全独立模拟示例；非真实生产记录,False,,quick-4522
SIM-007748,G04,2024-07-13T14:53:00,9882.0,1250.0,230.0,39.8,4.11,1194.51,404.7,1048.38,945.0,146.13,195.42,203.4,22303.0,,独立模拟示例.csv,独立生成,7749,完全独立模拟示例；非真实生产记录,False,,quick-4540
SIM-003401,G02,2024-07-13T12:40:00,10579.0,1400.0,210.0,32.4,4.92,1212.35,408.73,1092.99,974.01,119.36,182.17,201.57,24414.0,,独立模拟示例.csv,独立生成,3402,完全独立模拟示例；非真实生产记录,False,,quick-4545
SIM-004277,G03,2024-07-05T19:22:00,10351.0,1400.0,230.0,40.85,2.94,1237.12,467.24,1109.51,993.35,127.61,155.8,194.54,26164.0,,独立模拟示例.csv,独立生成,4278,完全独立模拟示例；非真实生产记录,False,,quick-4546
SIM-001985,G01,2024-07-26T19:29:00,9614.0,1250.0,230.0,37.92,3.98,1213.99,513.21,1095.77,984.29,118.22,179.23,175.49,21697.0,,独立模拟示例.csv,独立生成,1986,完全独立模拟示例；非真实生产记录,False,,quick-4562
SIM-008672,G05,2024-07-13T02:05:00,10742.0,1100.0,230.0,41.91,2.93,1182.98,481.02,1066.64,960.03,116.34,186.17,228.16,21334.0,,独立模拟示例.csv,独立生成,8673,完全独立模拟示例；非真实生产记录,False,,quick-4574
SIM-005482,G03,2024-07-27T11:46:00,10693.0,1100.0,280.0,37.61,2.42,1188.9,502.92,1048.19,943.99,140.71,195.98,214.77,25853.0,,独立模拟示例.csv,独立生成,5483,完全独立模拟示例；非真实生产记录,False,,quick-4578
SIM-006779,G04,2024-07-06T19:19:00,10146.0,1250.0,230.0,38.69,3.66,1188.74,486.05,1055.15,950.06,133.59,182.39,187.0,22898.0,,独立模拟示例.csv,独立生成,6780,完全独立模拟示例；非真实生产记录,False,,quick-4593
SIM-008795,G05,2024-07-01T17:57:00,11288.0,1100.0,230.0,38.92,4.99,1200.27,339.41,1054.05,931.27,146.21,201.67,182.24,22419.0,,独立模拟示例.csv,独立生成,8796,完全独立模拟示例；非真实生产记录,False,,quick-4603
SIM-000556,G01,2024-07-21T11:36:00,9660.0,1400.0,250.0,38.68,3.85,1203.73,368.72,1082.35,983.94,121.38,174.44,189.99,26540.0,,独立模拟示例.csv,独立生成,557,完全独立模拟示例；非真实生产记录,False,,quick-4611
SIM-009898,G05,2024-07-31T22:31:00,9936.0,1100.0,250.0,40.83,4.1,1195.65,454.0,1055.65,945.94,139.99,209.19,181.24,21449.0,,独立模拟示例.csv,独立生成,9899,完全独立模拟示例；非真实生产记录,False,,quick-4637
SIM-006130,G04,2024-07-15T17:13:00,10218.0,1250.0,250.0,37.23,4.05,1183.22,552.28,1050.37,945.77,132.85,146.11,216.29,25067.0,,独立模拟示例.csv,独立生成,6131,完全独立模拟示例；非真实生产记录,False,,quick-4641
SIM-004634,G03,2024-07-30T16:59:00,10251.0,1100.0,230.0,36.39,3.18,1193.59,372.44,1083.37,947.08,110.21,177.02,183.93,20359.0,,独立模拟示例.csv,独立生成,4635,完全独立模拟示例；非真实生产记录,False,,quick-4645
SIM-002014,G02,2024-07-19T03:51:00,10298.0,1400.0,280.0,36.88,5.41,1163.74,319.32,1051.25,926.98,112.48,165.2,192.74,31690.0,,独立模拟示例.csv,独立生成,2015,完全独立模拟示例；非真实生产记录,False,,quick-4650
SIM-000303,G01,2024-07-16T22:22:00,8867.0,1600.0,250.0,27.62,3.82,1160.91,470.01,1051.4,937.17,109.51,173.94,155.31,27843.0,,独立模拟示例.csv,独立生成,304,完全独立模拟示例；非真实生产记录,False,,quick-4653
SIM-007839,G04,2024-07-07T22:45:00,10288.0,1250.0,250.0,39.87,4.42,1167.93,591.75,1028.47,920.01,139.46,202.01,186.01,25237.0,,独立模拟示例.csv,独立生成,7840,完全独立模拟示例；非真实生产记录,False,,quick-4679
SIM-008829,G05,2024-07-12T05:37:00,10664.0,1250.0,250.0,37.54,3.85,1203.99,421.35,1057.7,949.34,146.3,193.0,194.13,26159.0,,独立模拟示例.csv,独立生成,8830,完全独立模拟示例；非真实生产记录,False,,quick-4687
SIM-005472,G03,2024-07-20T13:34:00,9851.0,1100.0,210.0,36.23,4.36,1152.37,457.89,1027.24,931.09,125.13,192.84,206.02,17863.0,,独立模拟示例.csv,独立生成,5473,完全独立模拟示例；非真实生产记录,False,,quick-4695
SIM-001767,G01,2024-07-16T21:35:00,9279.0,1400.0,250.0,38.33,1.71,1157.93,390.93,1035.83,932.39,122.1,163.54,153.81,25493.0,,独立模拟示例.csv,独立生成,1768,完全独立模拟示例；非真实生产记录,False,,quick-4704
SIM-003361,G02,2024-07-01T11:04:00,9699.0,1100.0,230.0,32.71,4.18,1177.12,466.67,1066.21,972.49,110.91,157.99,166.63,19262.0,,独立模拟示例.csv,独立生成,3362,完全独立模拟示例；非真实生产记录,False,,quick-4716
SIM-009524,G05,2024-07-04T04:34:00,10012.0,1250.0,210.0,44.71,4.65,1222.98,435.54,1083.66,960.71,139.32,163.97,208.52,20630.0,,独立模拟示例.csv,独立生成,9525,完全独立模拟示例；非真实生产记录,False,,quick-4724
SIM-004945,G03,2024-07-10T00:35:00,10271.0,1250.0,250.0,36.16,3.36,1170.22,398.21,1039.21,970.3,131.01,202.5,170.81,25195.0,,独立模拟示例.csv,独立生成,4946,完全独立模拟示例；非真实生产记录,False,,quick-4737
SIM-001937,G01,2024-07-11T08:31:00,10213.0,1600.0,210.0,36.4,3.26,1184.82,379.71,1060.29,952.05,124.53,173.09,133.57,26937.0,,独立模拟示例.csv,独立生成,1938,完全独立模拟示例；非真实生产记录,False,,quick-4738
SIM-006664,G04,2024-07-08T17:23:00,10242.0,1400.0,250.0,39.93,4.5,1172.79,470.68,1036.51,913.26,136.28,208.66,219.31,28141.0,,独立模拟示例.csv,独立生成,6665,完全独立模拟示例；非真实生产记录,False,,quick-4755
SIM-008476,G05,2024-07-22T21:42:00,10274.0,1400.0,280.0,41.84,3.81,1190.76,527.77,1048.79,971.5,141.97,223.06,199.23,31615.0,,独立模拟示例.csv,独立生成,8477,完全独立模拟示例；非真实生产记录,False,,quick-4766
SIM-000903,G01,2024-07-13T11:38:00,10101.0,1400.0,280.0,32.8,2.94,1213.45,346.95,1114.93,998.81,98.52,173.14,208.17,31083.0,,独立模拟示例.csv,独立生成,904,完全独立模拟示例；非真实生产记录,False,,quick-4771
SIM-003113,G02,2024-07-31T14:21:00,9587.0,1400.0,230.0,32.73,4.44,1199.31,398.06,1089.96,967.53,109.34,157.98,172.02,24234.0,,独立模拟示例.csv,独立生成,3114,完全独立模拟示例；非真实生产记录,False,,quick-4774
SIM-000357,G01,2024-07-31T09:20:00,9413.0,1400.0,250.0,34.0,4.68,1200.02,508.38,1078.82,969.25,121.2,185.04,177.64,25861.0,,独立模拟示例.csv,独立生成,358,完全独立模拟示例；非真实生产记录,False,,quick-4791
SIM-000071,G01,2024-07-26T00:11:00,9305.0,1100.0,210.0,31.2,2.42,1202.2,411.11,1090.2,979.74,112.0,176.76,183.64,16873.0,,独立模拟示例.csv,独立生成,72,完全独立模拟示例；非真实生产记录,False,,quick-4818
SIM-004385,G03,2024-07-14T08:45:00,9287.0,1100.0,230.0,30.47,3.72,1222.52,502.4,1093.63,985.34,128.9,170.73,216.96,18445.0,,独立模拟示例.csv,独立生成,4386,完全独立模拟示例；非真实生产记录,False,,quick-4823
SIM-008623,G05,2024-07-25T08:03:00,10392.0,1250.0,250.0,36.32,3.02,1183.84,468.74,1064.44,960.89,119.39,162.54,225.56,25493.0,,独立模拟示例.csv,独立生成,8624,完全独立模拟示例；非真实生产记录,False,,quick-4824
SIM-002285,G02,2024-07-26T07:37:00,10872.0,1600.0,280.0,35.63,4.16,1204.64,373.92,1085.57,965.2,119.07,209.59,177.16,38236.0,,独立模拟示例.csv,独立生成,2286,完全独立模拟示例；非真实生产记录,False,,quick-4827
SIM-006024,G04,2024-07-27T10:10:00,10344.0,1400.0,230.0,38.27,2.84,1168.47,467.2,1034.25,922.49,134.21,197.02,197.8,26146.0,,独立模拟示例.csv,独立生成,6025,完全独立模拟示例；非真实生产记录,False,,quick-4835
SIM-000539,G01,2024-07-14T14:18:00,9598.0,1250.0,250.0,34.45,3.03,1178.92,425.65,1056.59,958.66,122.33,173.96,204.47,23544.0,,独立模拟示例.csv,独立生成,540,完全独立模拟示例；非真实生产记录,False,,quick-4859
SIM-003213,G02,2024-07-25T22:51:00,9111.0,1100.0,250.0,35.73,2.79,1224.5,549.85,1100.58,959.7,123.92,145.44,185.97,19669.0,,独立模拟示例.csv,独立生成,3214,完全独立模拟示例；非真实生产记录,False,,quick-4862
SIM-009068,G05,2024-07-12T21:42:00,10399.0,1250.0,230.0,35.92,4.06,1177.09,439.15,1061.78,961.22,115.31,187.25,229.47,23468.0,,独立模拟示例.csv,独立生成,9069,完全独立模拟示例；非真实生产记录,False,,quick-4871
SIM-007386,G04,2024-07-07T04:14:00,10675.0,1250.0,230.0,43.5,2.75,1208.51,341.19,1078.51,981.12,130.01,199.7,179.85,24091.0,,独立模拟示例.csv,独立生成,7387,完全独立模拟示例；非真实生产记录,False,,quick-4883
SIM-004066,G03,2024-07-03T19:15:00,10021.0,1100.0,230.0,42.52,3.87,1174.49,429.54,1038.5,920.9,135.99,199.51,158.91,19901.0,,独立模拟示例.csv,独立生成,4067,完全独立模拟示例；非真实生产记录,False,,quick-4886
SIM-004006,G03,2024-07-09T07:52:00,9949.0,1400.0,210.0,39.71,5.03,1186.2,547.03,1057.11,934.31,129.09,198.27,212.15,22961.0,,独立模拟示例.csv,独立生成,4007,完全独立模拟示例；非真实生产记录,False,,quick-4920
SIM-007168,G04,2024-07-24T09:47:00,9804.0,1250.0,250.0,36.7,3.19,1198.01,461.81,1070.66,971.65,127.36,191.06,235.22,24050.0,,独立模拟示例.csv,独立生成,7169,完全独立模拟示例；非真实生产记录,False,,quick-4921
SIM-002853,G02,2024-07-26T17:48:00,9423.0,1400.0,210.0,36.3,4.64,1194.62,466.41,1072.16,947.88,122.46,139.86,161.97,21747.0,,独立模拟示例.csv,独立生成,2854,完全独立模拟示例；非真实生产记录,False,,quick-4923
SIM-008539,G05,2024-07-13T18:12:00,9988.0,1250.0,230.0,46.13,4.09,1183.16,441.75,1031.11,928.4,152.05,220.92,205.6,22541.0,,独立模拟示例.csv,独立生成,8540,完全独立模拟示例；非真实生产记录,False,,quick-4924
SIM-001733,G01,2024-07-17T18:52:00,10048.0,1100.0,230.0,38.03,2.95,1197.94,432.82,1076.58,967.48,121.36,179.99,192.19,19956.0,,独立模拟示例.csv,独立生成,1734,完全独立模拟示例；非真实生产记录,False,,quick-4931
SIM-002169,G02,2024-07-27T18:19:00,9845.0,1100.0,230.0,38.09,3.48,1208.34,297.42,1081.52,979.7,126.83,164.16,200.98,19552.0,,独立模拟示例.csv,独立生成,2170,完全独立模拟示例；非真实生产记录,False,,quick-4963
SIM-004937,G03,2024-07-09T19:20:00,9630.0,1400.0,230.0,37.2,4.76,1179.27,438.95,1055.68,959.77,123.59,180.31,220.18,24343.0,,独立模拟示例.csv,独立生成,4938,完全独立模拟示例；非真实生产记录,False,,quick-4972
SIM-009695,G05,2024-07-31T15:42:00,9989.0,1250.0,230.0,38.07,4.7,1208.59,453.73,1067.42,972.91,141.17,181.45,202.46,22544.0,,独立模拟示例.csv,独立生成,9696,完全独立模拟示例；非真实生产记录,False,,quick-4980
SIM-007724,G04,2024-07-12T10:58:00,9720.0,1250.0,280.0,37.77,4.06,1170.25,377.51,1037.93,949.47,132.32,198.46,221.51,26707.0,,独立模拟示例.csv,独立生成,7725,完全独立模拟示例；非真实生产记录,False,,quick-4988
SIM-001730,G01,2024-07-13T05:58:00,9066.0,1100.0,230.0,36.6,2.53,1199.65,282.6,1079.43,977.81,120.22,164.72,171.05,18005.0,,独立模拟示例.csv,独立生成,1731,完全独立模拟示例；非真实生产记录,False,,quick-4996
SIM-002468,G02,2024-07-05T06:07:00,9365.0,1600.0,230.0,36.59,4.49,1197.0,367.68,1078.44,962.16,118.56,169.03,199.99,27054.0,,独立模拟示例.csv,独立生成,2469,完全独立模拟示例；非真实生产记录,False,,quick-5006
SIM-004584,G03,2024-07-26T21:57:00,9824.0,1400.0,230.0,36.73,4.31,1148.41,405.85,1035.45,924.21,112.96,201.15,201.37,24833.0,,独立模拟示例.csv,独立生成,4585,完全独立模拟示例；非真实生产记录,False,,quick-5014
SIM-008806,G05,2024-07-30T01:44:00,9894.0,1400.0,250.0,44.98,3.81,1195.87,528.07,1058.25,962.81,137.61,200.42,221.99,27184.0,,独立模拟示例.csv,独立生成,8807,完全独立模拟示例；非真实生产记录,False,,quick-5031
SIM-004931,G03,2024-07-30T12:09:00,10277.0,1250.0,280.0,39.56,3.0,1221.04,383.64,1100.39,998.56,120.64,192.19,223.36,28235.0,,独立模拟示例.csv,独立生成,4932,完全独立模拟示例；非真实生产记录,False,,quick-5048
SIM-000023,G01,2024-07-27T20:18:00,9819.0,1100.0,230.0,34.11,2.32,1195.74,350.12,1059.47,946.13,136.27,190.13,170.63,19501.0,,独立模拟示例.csv,独立生成,24,完全独立模拟示例；非真实生产记录,False,,quick-5049
SIM-007400,G04,2024-07-21T21:59:00,10125.0,1250.0,280.0,44.28,3.46,1156.92,428.48,1024.72,902.47,132.2,193.38,196.62,27818.0,,独立模拟示例.csv,独立生成,7401,完全独立模拟示例；非真实生产记录,False,,quick-5053
SIM-002552,G02,2024-07-09T13:27:00,9764.0,1250.0,250.0,40.03,4.11,1214.51,487.42,1081.28,1002.06,133.23,162.06,194.35,23951.0,,独立模拟示例.csv,独立生成,2553,完全独立模拟示例；非真实生产记录,False,,quick-5055
SIM-009626,G05,2024-07-23T01:52:00,10512.0,1250.0,280.0,47.53,3.44,1156.05,343.58,1010.47,913.24,145.58,221.96,180.29,28881.0,,独立模拟示例.csv,独立生成,9627,完全独立模拟示例；非真实生产记录,False,,quick-5080
SIM-005292,G03,2024-07-22T09:52:00,9673.0,1250.0,210.0,35.61,3.88,1167.39,403.26,1043.3,940.81,124.09,172.41,201.66,19932.0,,独立模拟示例.csv,独立生成,5293,完全独立模拟示例；非真实生产记录,False,,quick-5094
SIM-003825,G02,2024-07-22T11:59:00,9107.0,1400.0,250.0,30.6,3.24,1203.83,440.12,1075.79,958.92,128.04,162.81,188.22,25020.0,,独立模拟示例.csv,独立生成,3826,完全独立模拟示例；非真实生产记录,False,,quick-5102
SIM-007991,G04,2024-07-19T23:24:00,10096.0,1250.0,250.0,38.6,3.78,1167.14,398.35,1027.82,913.43,139.32,187.77,178.47,24768.0,,独立模拟示例.csv,独立生成,7992,完全独立模拟示例；非真实生产记录,False,,quick-5103
SIM-000945,G01,2024-07-26T20:06:00,10124.0,1250.0,210.0,31.19,4.2,1211.81,299.35,1083.07,981.14,128.73,192.51,217.83,20863.0,,独立模拟示例.csv,独立生成,946,完全独立模拟示例；非真实生产记录,False,,quick-5119
SIM-008133,G05,2024-07-25T19:34:00,10077.0,1250.0,280.0,41.76,4.56,1153.07,475.06,1034.15,942.72,118.92,181.72,202.97,27687.0,,独立模拟示例.csv,独立生成,8134,完全独立模拟示例；非真实生产记录,False,,quick-5129
SIM-004040,G03,2024-07-19T10:30:00,9271.0,1100.0,280.0,49.15,4.53,1190.34,315.72,1062.75,964.59,127.59,161.12,189.04,22415.0,,独立模拟示例.csv,独立生成,4041,完全独立模拟示例；非真实生产记录,False,,quick-5144
SIM-007863,G04,2024-07-27T16:42:00,10833.0,1250.0,250.0,38.92,3.32,1191.16,487.58,1062.7,993.52,128.46,167.54,191.37,26574.0,,独立模拟示例.csv,独立生成,7864,完全独立模拟示例；非真实生产记录,False,,quick-5149
SIM-000528,G01,2024-07-15T20:31:00,9607.0,1100.0,250.0,35.55,3.75,1203.05,297.02,1086.7,970.19,116.36,180.4,167.3,20739.0,,独立模拟示例.csv,独立生成,529,完全独立模拟示例；非真实生产记录,False,,quick-5162
SIM-002570,G02,2024-07-07T17:01:00,10356.0,1400.0,230.0,33.67,4.74,1213.0,197.11,1080.13,973.15,132.87,205.21,212.96,26177.0,,独立模拟示例.csv,独立生成,2571,完全独立模拟示例；非真实生产记录,False,,quick-5166
SIM-009694,G05,2024-07-27T18:02:00,10280.0,1400.0,230.0,41.52,2.55,1194.6,438.5,1072.78,965.18,121.82,183.03,194.27,25985.0,,独立模拟示例.csv,独立生成,9695,完全独立模拟示例；非真实生产记录,False,,quick-5175
SIM-004344,G03,2024-07-04T12:40:00,10025.0,1600.0,230.0,37.78,4.52,1183.94,357.44,1057.9,935.89,126.05,183.4,193.27,28959.0,,独立模拟示例.csv,独立生成,4345,完全独立模拟示例；非真实生产记录,False,,quick-5178
SIM-006975,G04,2024-07-18T06:46:00,9959.0,1600.0,210.0,42.11,4.43,1210.09,411.08,1077.1,1003.04,132.99,194.42,219.93,26269.0,,独立模拟示例.csv,独立生成,6976,完全独立模拟示例；非真实生产记录,False,,quick-5192
SIM-003150,G02,2024-07-01T05:52:00,9871.0,1600.0,230.0,37.38,3.32,1185.75,322.95,1065.88,954.67,119.87,178.79,157.52,28514.0,,独立模拟示例.csv,独立生成,3151,完全独立模拟示例；非真实生产记录,False,,quick-5200
SIM-000242,G01,2024-07-31T08:40:00,9428.0,1400.0,250.0,34.34,3.25,1199.36,462.53,1076.23,970.52,123.13,173.65,154.56,25905.0,,独立模拟示例.csv,独立生成,243,完全独立模拟示例；非真实生产记录,False,,quick-5207
SIM-002848,G02,2024-07-29T12:37:00,10218.0,1600.0,230.0,37.89,1.62,1195.17,335.45,1076.26,939.93,118.92,170.5,191.78,29519.0,,独立模拟示例.csv,独立生成,2849,完全独立模拟示例；非真实生产记录,False,,quick-5239
SIM-006850,G04,2024-07-22T23:11:00,10192.0,1250.0,230.0,41.59,3.6,1183.66,460.57,1057.18,935.33,126.48,202.57,200.22,23001.0,,独立模拟示例.csv,独立生成,6851,完全独立模拟示例；非真实生产记录,False,,quick-5241
SIM-008365,G05,2024-07-02T22:07:00,10163.0,1600.0,280.0,37.43,4.82,1188.06,371.89,1043.43,928.5,144.63,201.16,178.51,35741.0,,独立模拟示例.csv,独立生成,8366,完全独立模拟示例；非真实生产记录,False,,quick-5242
SIM-001090,G01,2024-07-14T01:54:00,9634.0,1100.0,250.0,37.23,2.88,1193.66,331.87,1083.15,997.75,110.5,168.1,185.85,20798.0,,独立模拟示例.csv,独立生成,1091,完全独立模拟示例；非真实生产记录,False,,quick-5250
SIM-004660,G03,2024-07-08T15:41:00,10102.0,1400.0,280.0,38.06,4.35,1215.18,487.27,1077.08,986.01,138.1,197.61,161.35,31086.0,,独立模拟示例.csv,独立生成,4661,完全独立模拟示例；非真实生产记录,False,,quick-5263
SIM-008280,G05,2024-07-18T15:19:00,10074.0,1250.0,250.0,39.99,3.2,1162.35,343.42,1026.14,920.49,136.21,213.41,188.87,24714.0,,独立模拟示例.csv,独立生成,8281,完全独立模拟示例；非真实生产记录,False,,quick-5285
SIM-000188,G01,2024-07-02T19:42:00,9354.0,1400.0,230.0,32.04,3.1,1188.58,441.68,1088.09,969.69,100.5,159.29,217.07,23644.0,,独立模拟示例.csv,独立生成,189,完全独立模拟示例；非真实生产记录,False,,quick-5292
SIM-006541,G04,2024-07-24T00:41:00,10393.0,1100.0,210.0,33.68,3.79,1208.36,434.4,1083.4,980.89,124.96,204.53,200.44,18846.0,,独立模拟示例.csv,独立生成,6542,完全独立模拟示例；非真实生产记录,False,,quick-5298
SIM-005213,G03,2024-07-03T08:42:00,9918.0,1250.0,250.0,38.38,3.23,1196.37,381.1,1077.6,963.78,118.77,185.67,179.69,24331.0,,独立模拟示例.csv,独立生成,5214,完全独立模拟示例；非真实生产记录,False,,quick-5304
SIM-003926,G02,2024-07-05T13:58:00,10026.0,1250.0,230.0,37.87,3.69,1175.52,475.31,1053.35,965.3,122.17,178.13,205.91,22628.0,,独立模拟示例.csv,独立生成,3927,完全独立模拟示例；非真实生产记录,False,,quick-5309
SIM-009101,G05,2024-07-28T11:12:00,10681.0,1400.0,210.0,48.0,2.23,1182.21,522.55,1044.52,933.1,137.69,229.69,215.06,24651.0,,独立模拟示例.csv,独立生成,9102,完全独立模拟示例；非真实生产记录,False,,quick-5324
SIM-000640,G01,2024-07-23T16:42:00,9394.0,1250.0,210.0,31.87,3.15,1183.45,316.23,1076.63,998.02,106.82,163.17,176.88,19358.0,,独立模拟示例.csv,独立生成,641,完全独立模拟示例；非真实生产记录,False,,quick-5346
SIM-004119,G03,2024-07-13T18:30:00,9786.0,1400.0,230.0,40.81,4.68,1174.44,451.98,1044.66,949.34,129.79,188.3,211.9,24737.0,,独立模拟示例.csv,独立生成,4120,完全独立模拟示例；非真实生产记录,False,,quick-5357
SIM-003819,G02,2024-07-17T17:10:00,10216.0,1600.0,250.0,34.4,3.51,1172.82,348.28,1055.11,954.6,117.72,182.01,168.23,32078.0,,独立模拟示例.csv,独立生成,3820,完全独立模拟示例；非真实生产记录,False,,quick-5369
SIM-009291,G05,2024-07-19T11:03:00,10706.0,1400.0,250.0,37.51,3.27,1178.18,413.45,1043.69,949.06,134.49,216.28,210.87,29416.0,,独立模拟示例.csv,独立生成,9292,完全独立模拟示例；非真实生产记录,False,,quick-5370
SIM-006351,G04,2024-07-23T01:02:00,10366.0,1400.0,250.0,35.87,2.96,1190.38,466.26,1056.83,953.56,133.55,236.45,165.8,28481.0,,独立模拟示例.csv,独立生成,6352,完全独立模拟示例；非真实生产记录,False,,quick-5374
SIM-001249,G01,2024-07-19T01:57:00,9908.0,1600.0,250.0,35.54,4.35,1208.3,346.58,1082.17,973.56,126.13,174.75,187.05,31110.0,,独立模拟示例.csv,独立生成,1250,完全独立模拟示例；非真实生产记录,False,,quick-5382
SIM-005294,G03,2024-07-07T04:06:00,9663.0,1600.0,250.0,36.24,2.0,1195.8,406.08,1083.16,982.38,112.63,172.58,212.14,30343.0,,独立模拟示例.csv,独立生成,5295,完全独立模拟示例；非真实生产记录,False,,quick-5393
SIM-008775,G05,2024-07-05T18:19:00,9911.0,1250.0,230.0,40.63,2.97,1166.94,367.31,1035.14,924.39,131.8,188.2,206.96,22367.0,,独立模拟示例.csv,独立生成,8776,完全独立模拟示例；非真实生产记录,False,,quick-5409
SIM-002649,G02,2024-07-23T08:16:00,10079.0,1600.0,230.0,34.83,4.14,1212.64,327.82,1099.15,974.97,113.49,162.54,196.97,29116.0,,独立模拟示例.csv,独立生成,2650,完全独立模拟示例；非真实生产记录,False,,quick-5412
SIM-005135,G03,2024-07-06T15:39:00,9781.0,1100.0,210.0,34.19,2.97,1195.2,427.63,1073.02,966.11,122.18,167.48,188.05,17737.0,,独立模拟示例.csv,独立生成,5136,完全独立模拟示例；非真实生产记录,False,,quick-5430
SIM-000662,G01,2024-07-01T02:38:00,9539.0,1250.0,230.0,36.04,2.64,1171.2,507.75,1069.42,951.95,101.78,165.3,167.86,21528.0,,独立模拟示例.csv,独立生成,663,完全独立模拟示例；非真实生产记录,False,,quick-5433
SIM-009484,G05,2024-07-17T09:45:00,9887.0,1400.0,230.0,42.62,3.92,1195.62,598.44,1067.18,958.62,128.44,184.08,213.62,24991.0,,独立模拟示例.csv,独立生成,9485,完全独立模拟示例；非真实生产记录,False,,quick-5445
SIM-000725,G01,2024-07-27T13:30:00,9609.0,1100.0,210.0,27.04,3.18,1205.56,414.52,1089.42,986.16,116.14,167.03,172.94,17424.0,,独立模拟示例.csv,独立生成,726,完全独立模拟示例；非真实生产记录,False,,quick-5467
SIM-002778,G02,2024-07-16T08:24:00,9727.0,1100.0,230.0,37.56,2.07,1217.21,270.83,1097.08,1003.86,120.14,173.33,184.83,19318.0,,独立模拟示例.csv,独立生成,2779,完全独立模拟示例；非真实生产记录,False,,quick-5470
SIM-007655,G04,2024-07-26T21:18:00,9774.0,1250.0,280.0,45.38,1.2,1215.01,492.87,1084.94,999.21,130.07,204.8,173.67,26853.0,,独立模拟示例.csv,独立生成,7656,完全独立模拟示例；非真实生产记录,False,,quick-5475
SIM-005768,G03,2024-07-26T10:59:00,9962.0,1100.0,250.0,37.09,4.66,1188.87,503.65,1066.43,948.87,122.44,201.3,181.07,21506.0,,独立模拟示例.csv,独立生成,5769,完全独立模拟示例；非真实生产记录,False,,quick-5478
SIM-003747,G02,2024-07-28T05:55:00,9833.0,1400.0,250.0,36.91,2.87,1199.31,560.75,1077.88,984.57,121.43,180.38,177.87,27016.0,,独立模拟示例.csv,独立生成,3748,完全独立模拟示例；非真实生产记录,False,,quick-5501
SIM-007285,G04,2024-07-31T07:19:00,9937.0,1250.0,230.0,43.03,3.18,1183.45,454.43,1050.84,949.18,132.61,213.28,193.47,22426.0,,独立模拟示例.csv,独立生成,7286,完全独立模拟示例；非真实生产记录,False,,quick-5515
SIM-008624,G05,2024-07-23T01:15:00,10206.0,1100.0,250.0,39.47,3.73,1195.22,525.55,1056.07,942.63,139.15,187.48,195.86,22032.0,,独立模拟示例.csv,独立生成,8625,完全独立模拟示例；非真实生产记录,False,,quick-5523
SIM-004203,G03,2024-07-23T21:08:00,10268.0,1250.0,250.0,39.67,4.15,1199.1,351.6,1079.22,968.47,119.88,159.89,217.74,25188.0,,独立模拟示例.csv,独立生成,4204,完全独立模拟示例；非真实生产记录,False,,quick-5528
SIM-001576,G01,2024-07-06T10:29:00,9921.0,1100.0,280.0,39.76,3.52,1166.74,265.15,1032.98,918.73,133.76,196.11,166.3,23986.0,,独立模拟示例.csv,独立生成,1577,完全独立模拟示例；非真实生产记录,False,,quick-5529
SIM-006517,G04,2024-07-23T21:39:00,9424.0,1100.0,210.0,39.68,3.34,1210.72,342.37,1068.36,963.27,142.36,216.56,215.22,17089.0,,独立模拟示例.csv,独立生成,6518,完全独立模拟示例；非真实生产记录,False,,quick-5539
SIM-005953,G03,2024-07-22T14:19:00,9209.0,1400.0,210.0,33.83,3.57,1173.41,438.67,1054.91,951.78,118.5,167.58,206.48,21253.0,,独立模拟示例.csv,独立生成,5954,完全独立模拟示例；非真实生产记录,False,,quick-5566
SIM-003318,G02,2024-07-28T11:46:00,10312.0,1250.0,250.0,33.87,2.85,1236.92,489.12,1100.54,979.54,136.38,211.83,172.41,25297.0,,独立模拟示例.csv,独立生成,3319,完全独立模拟示例；非真实生产记录,False,,quick-5572
SIM-008088,G05,2024-07-19T01:32:00,9505.0,1400.0,280.0,47.13,4.08,1198.24,579.43,1052.25,942.21,145.99,189.57,184.74,29248.0,,独立模拟示例.csv,独立生成,8089,完全独立模拟示例；非真实生产记录,False,,quick-5575
SIM-006543,G04,2024-07-28T10:54:00,10104.0,1100.0,250.0,36.13,4.29,1180.84,381.06,1056.27,905.51,124.57,173.62,209.56,21812.0,,独立模拟示例.csv,独立生成,6544,完全独立模拟示例；非真实生产记录,False,,quick-5584
SIM-001636,G01,2024-07-30T08:35:00,9820.0,1400.0,230.0,42.51,4.27,1205.9,322.14,1093.07,979.94,112.82,148.15,180.86,24823.0,,独立模拟示例.csv,独立生成,1637,完全独立模拟示例；非真实生产记录,False,,quick-5587
SIM-003455,G02,2024-07-13T23:42:00,10341.0,1400.0,250.0,38.16,2.65,1219.68,404.07,1089.96,968.31,129.72,182.26,179.79,28411.0,,独立模拟示例.csv,独立生成,3456,完全独立模拟示例；非真实生产记录,False,,quick-5612
SIM-005296,G03,2024-07-07T22:20:00,9452.0,1250.0,210.0,36.83,3.68,1200.36,507.55,1063.68,945.45,136.68,190.35,159.95,19476.0,,独立模拟示例.csv,独立生成,5297,完全独立模拟示例；非真实生产记录,False,,quick-5614
SIM-009218,G05,2024-07-27T03:01:00,10061.0,1600.0,250.0,41.75,4.71,1173.29,562.12,1046.69,930.53,126.61,226.75,211.15,31593.0,,独立模拟示例.csv,独立生成,9219,完全独立模拟示例；非真实生产记录,False,,quick-5618
SIM-007929,G04,2024-07-08T22:35:00,10573.0,1250.0,280.0,38.76,2.55,1187.61,628.89,1053.66,948.96,133.94,201.98,223.62,29049.0,,独立模拟示例.csv,独立生成,7930,完全独立模拟示例；非真实生产记录,False,,quick-5639
SIM-005064,G03,2024-07-16T11:09:00,10193.0,1400.0,230.0,39.59,3.52,1205.33,284.18,1080.96,949.42,124.37,179.86,200.11,25765.0,,独立模拟示例.csv,独立生成,5065,完全独立模拟示例；非真实生产记录,False,,quick-5656
SIM-001925,G01,2024-07-23T14:53:00,9693.0,1400.0,250.0,31.62,3.13,1198.88,370.36,1079.69,970.06,119.19,156.88,189.42,26632.0,,独立模拟示例.csv,独立生成,1926,完全独立模拟示例；非真实生产记录,False,,quick-5660
SIM-002137,G02,2024-07-19T04:30:00,10165.0,1400.0,230.0,39.6,3.38,1217.26,491.21,1091.57,989.16,125.69,181.06,196.47,25695.0,,独立模拟示例.csv,独立生成,2138,完全独立模拟示例；非真实生产记录,False,,quick-5664
SIM-008957,G05,2024-07-20T03:28:00,10012.0,1250.0,230.0,46.23,3.71,1178.55,410.4,1055.1,953.18,123.45,205.12,218.5,22597.0,,独立模拟示例.csv,独立生成,8958,完全独立模拟示例；非真实生产记录,False,,quick-5680
SIM-000676,G01,2024-07-01T07:42:00,9344.0,1250.0,230.0,35.18,3.9,1206.84,395.93,1074.57,952.21,132.27,179.37,203.58,21088.0,,独立模拟示例.csv,独立生成,677,完全独立模拟示例；非真实生产记录,False,,quick-5693
SIM-006640,G04,2024-07-09T05:06:00,10025.0,1100.0,230.0,41.54,5.14,1193.65,423.05,1055.9,943.37,137.75,215.57,189.77,19911.0,,独立模拟示例.csv,独立生成,6641,完全独立模拟示例；非真实生产记录,False,,quick-5695
SIM-004300,G03,2024-07-21T20:34:00,10182.0,1400.0,250.0,40.19,2.59,1179.13,418.56,1056.31,952.78,122.82,191.72,191.8,27976.0,,独立模拟示例.csv,独立生成,4301,完全独立模拟示例；非真实生产记录,False,,quick-5698
SIM-002041,G02,2024-07-22T00:41:00,10289.0,1600.0,250.0,38.19,4.36,1183.17,357.99,1074.58,931.26,108.6,173.24,204.31,32307.0,,独立模拟示例.csv,独立生成,2042,完全独立模拟示例；非真实生产记录,False,,quick-5717
SIM-009003,G05,2024-07-23T03:58:00,10519.0,1250.0,280.0,42.18,2.65,1161.4,400.45,1031.57,909.03,129.83,189.96,217.06,28900.0,,独立模拟示例.csv,独立生成,9004,完全独立模拟示例；非真实生产记录,False,,quick-5729
SIM-004861,G03,2024-07-26T04:02:00,10263.0,1250.0,210.0,36.8,3.11,1173.39,512.94,1042.23,958.03,131.16,177.92,168.08,21148.0,,独立模拟示例.csv,独立生成,4862,完全独立模拟示例；非真实生产记录,False,,quick-5739
SIM-007152,G04,2024-07-08T19:42:00,10025.0,1600.0,230.0,38.5,4.32,1185.36,490.2,1046.55,959.51,138.81,226.87,214.12,28959.0,,独立模拟示例.csv,独立生成,7153,完全独立模拟示例；非真实生产记录,False,,quick-5744
SIM-001381,G01,2024-07-21T02:36:00,9534.0,1250.0,230.0,30.02,3.46,1183.17,491.84,1070.16,978.76,113.0,167.68,161.63,21517.0,,独立模拟示例.csv,独立生成,1382,完全独立模拟示例；非真实生产记录,False,,quick-5749
SIM-001337,G01,2024-07-11T19:16:00,10142.0,1600.0,210.0,31.96,4.68,1185.73,363.7,1077.68,971.26,108.05,120.0,175.22,26751.0,,独立模拟示例.csv,独立生成,1338,完全独立模拟示例；非真实生产记录,False,,quick-5782
SIM-004968,G03,2024-07-31T22:18:00,10176.0,1250.0,230.0,35.43,3.26,1173.15,468.8,1045.85,942.91,127.29,187.11,174.95,22965.0,,独立模拟示例.csv,独立生成,4969,完全独立模拟示例；非真实生产记录,False,,quick-5786
SIM-009310,G05,2024-07-16T13:38:00,10005.0,1100.0,250.0,39.1,4.54,1203.17,397.85,1075.11,946.71,128.06,215.6,235.76,21598.0,,独立模拟示例.csv,独立生成,9311,完全独立模拟示例；非真实生产记录,False,,quick-5787
SIM-007247,G04,2024-07-04T07:46:00,10270.0,1250.0,250.0,46.68,3.66,1179.92,536.15,1050.36,941.84,129.55,188.85,177.25,25194.0,,独立模拟示例.csv,独立生成,7248,完全独立模拟示例；非真实生产记录,False,,quick-5791
SIM-003500,G02,2024-07-22T13:55:00,9745.0,1400.0,280.0,33.4,3.41,1216.63,410.44,1092.33,1011.58,124.31,174.43,199.16,29986.0,,独立模拟示例.csv,独立生成,3501,完全独立模拟示例；非真实生产记录,False,,quick-5795
SIM-000688,G01,2024-07-21T02:55:00,10630.0,1100.0,250.0,35.55,3.5,1194.94,379.61,1071.57,963.97,123.37,178.69,176.26,22947.0,,独立模拟示例.csv,独立生成,689,完全独立模拟示例；非真实生产记录,False,,quick-5827
SIM-007667,G04,2024-07-01T22:28:00,9950.0,1250.0,230.0,43.33,4.8,1189.62,480.67,1047.01,946.66,142.6,237.09,210.44,22455.0,,独立模拟示例.csv,独立生成,7668,完全独立模拟示例；非真实生产记录,False,,quick-5828
SIM-004794,G03,2024-07-10T22:32:00,9629.0,1600.0,250.0,33.99,3.58,1223.31,436.78,1089.55,995.68,133.76,185.48,161.33,30234.0,,独立模拟示例.csv,独立生成,4795,完全独立模拟示例；非真实生产记录,False,,quick-5837
SIM-003261,G02,2024-07-03T12:33:00,9551.0,1400.0,280.0,33.35,3.53,1207.95,279.0,1083.04,985.41,124.91,201.02,213.63,29390.0,,独立模拟示例.csv,独立生成,3262,完全独立模拟示例；非真实生产记录,False,,quick-5845
SIM-009166,G05,2024-07-24T00:17:00,10239.0,1600.0,230.0,38.24,4.52,1175.67,468.45,1054.53,958.6,121.15,220.1,204.76,29578.0,,独立模拟示例.csv,独立生成,9167,完全独立模拟示例；非真实生产记录,False,,quick-5858
SIM-000741,G01,2024-07-30T08:31:00,9388.0,1250.0,250.0,35.87,2.39,1209.49,506.09,1100.55,987.49,108.93,172.15,189.32,23029.0,,独立模拟示例.csv,独立生成,742,完全独立模拟示例；非真实生产记录,False,,quick-5865
SIM-007768,G04,2024-07-09T09:05:00,10184.0,1250.0,210.0,43.1,3.57,1194.75,415.19,1072.59,968.49,122.16,187.3,185.74,20985.0,,独立模拟示例.csv,独立生成,7769,完全独立模拟示例；非真实生产记录,False,,quick-5875
SIM-003432,G02,2024-07-16T10:06:00,9595.0,1100.0,230.0,33.58,5.75,1195.74,436.63,1072.11,961.0,123.62,146.36,182.92,19056.0,,独立模拟示例.csv,独立生成,3433,完全独立模拟示例；非真实生产记录,False,,quick-5893
SIM-001371,G01,2024-07-16T18:44:00,10482.0,1100.0,250.0,36.77,4.36,1179.71,379.86,1051.65,954.19,128.06,173.36,174.97,22628.0,,独立模拟示例.csv,独立生成,1372,完全独立模拟示例；非真实生产记录,False,,quick-5895
SIM-004441,G03,2024-07-12T03:04:00,10350.0,1400.0,250.0,39.51,3.77,1178.37,436.65,1053.22,948.86,125.15,194.44,199.54,28437.0,,独立模拟示例.csv,独立生成,4442,完全独立模拟示例；非真实生产记录,False,,quick-5897
SIM-008783,G05,2024-07-19T00:08:00,10516.0,1100.0,210.0,42.31,3.39,1177.42,463.31,1040.01,931.57,137.41,202.34,185.84,19068.0,,独立模拟示例.csv,独立生成,8784,完全独立模拟示例；非真实生产记录,False,,quick-5932
SIM-004883,G03,2024-07-29T17:28:00,10487.0,1250.0,230.0,34.11,3.99,1172.36,485.68,1045.08,927.01,127.27,180.43,166.68,23669.0,,独立模拟示例.csv,独立生成,4884,完全独立模拟示例；非真实生产记录,False,,quick-5933
SIM-007884,G04,2024-07-19T14:07:00,9565.0,1250.0,230.0,39.47,3.24,1203.96,486.06,1086.86,983.16,117.1,187.06,200.34,21587.0,,独立模拟示例.csv,独立生成,7885,完全独立模拟示例；非真实生产记录,False,,quick-5935
SIM-000567,G01,2024-07-20T23:51:00,9188.0,1100.0,250.0,30.74,4.19,1205.18,294.6,1061.67,970.11,143.51,199.45,184.92,19835.0,,独立模拟示例.csv,独立生成,568,完全独立模拟示例；非真实生产记录,False,,quick-5955
SIM-008874,G05,2024-07-15T04:26:00,10620.0,1600.0,230.0,42.49,4.73,1181.65,321.39,1061.06,957.37,120.59,179.75,187.34,30678.0,,独立模拟示例.csv,独立生成,8875,完全独立模拟示例；非真实生产记录,False,,quick-5958
SIM-002730,G02,2024-07-14T17:27:00,9153.0,1250.0,230.0,33.13,2.28,1203.11,263.63,1062.04,916.55,141.07,155.3,168.87,20658.0,,独立模拟示例.csv,独立生成,2731,完全独立模拟示例；非真实生产记录,False,,quick-5959
SIM-007791,G04,2024-07-31T19:44:00,10188.0,1250.0,280.0,34.64,3.82,1158.91,364.66,1037.03,914.79,121.88,179.5,185.46,27992.0,,独立模拟示例.csv,独立生成,7792,完全独立模拟示例；非真实生产记录,False,,quick-5979
SIM-004871,G03,2024-07-13T04:51:00,9896.0,1250.0,230.0,37.34,4.48,1184.51,352.56,1060.1,978.34,124.41,191.51,203.57,22334.0,,独立模拟示例.csv,独立生成,4872,完全独立模拟示例；非真实生产记录,False,,quick-5993
SIM-000657,G01,2024-07-29T06:35:00,9620.0,1400.0,250.0,33.64,3.55,1194.01,511.33,1072.84,983.96,121.17,168.69,173.64,26430.0,,独立模拟示例.csv,独立生成,658,完全独立模拟示例；非真实生产记录,False,,quick-5998
SIM-003396,G02,2024-07-21T22:55:00,9519.0,1600.0,230.0,40.49,4.78,1231.32,523.92,1108.69,1009.58,122.63,171.5,181.39,27498.0,,独立模拟示例.csv,独立生成,3397,完全独立模拟示例；非真实生产记录,False,,quick-6010
SIM-009025,G05,2024-07-27T10:56:00,10960.0,1250.0,250.0,39.83,3.66,1158.17,329.3,1034.3,942.42,123.87,206.94,215.82,26886.0,,独立模拟示例.csv,独立生成,9026,完全独立模拟示例；非真实生产记录,False,,quick-6012
SIM-007195,G04,2024-07-07T09:40:00,10713.0,1100.0,210.0,44.84,4.05,1209.49,347.49,1081.98,985.97,127.52,181.62,219.0,19427.0,,独立模拟示例.csv,独立生成,7196,完全独立模拟示例；非真实生产记录,False,,quick-6022
SIM-005182,G03,2024-07-30T10:28:00,10059.0,1400.0,230.0,40.4,2.48,1194.27,417.81,1083.57,963.09,110.7,169.9,192.56,25425.0,,独立模拟示例.csv,独立生成,5183,完全独立模拟示例；非真实生产记录,False,,quick-6043
SIM-000181,G01,2024-07-22T20:39:00,9639.0,1100.0,280.0,36.22,3.62,1207.32,474.01,1104.05,998.67,103.27,158.78,186.68,23304.0,,独立模拟示例.csv,独立生成,182,完全独立模拟示例；非真实生产记录,False,,quick-6055
SIM-009246,G05,2024-07-03T00:18:00,10878.0,1250.0,210.0,40.96,2.33,1176.9,372.81,1037.16,921.88,139.74,185.73,224.62,22416.0,,独立模拟示例.csv,独立生成,9247,完全独立模拟示例；非真实生产记录,False,,quick-6057
SIM-003783,G02,2024-07-14T06:31:00,9474.0,1100.0,210.0,33.18,3.59,1196.19,481.31,1090.55,978.12,105.63,169.66,178.65,17180.0,,独立模拟示例.csv,独立生成,3784,完全独立模拟示例；非真实生产记录,False,,quick-6063
SIM-006291,G04,2024-07-31T15:22:00,10647.0,1250.0,230.0,42.78,4.07,1196.83,523.45,1065.36,931.8,131.48,211.07,150.08,24029.0,,独立模拟示例.csv,独立生成,6292,完全独立模拟示例；非真实生产记录,False,,quick-6073
SIM-009336,G05,2024-07-14T12:43:00,9973.0,1600.0,250.0,42.37,2.38,1194.43,431.43,1068.43,968.87,126.01,179.89,215.46,31315.0,,独立模拟示例.csv,独立生成,9337,完全独立模拟示例；非真实生产记录,False,,quick-6103
SIM-001001,G01,2024-07-07T03:15:00,9403.0,1250.0,210.0,34.46,3.29,1200.24,376.81,1072.61,983.65,127.63,156.45,145.93,19375.0,,独立模拟示例.csv,独立生成,1002,完全独立模拟示例；非真实生产记录,False,,quick-6104
SIM-002976,G02,2024-07-08T10:06:00,10032.0,1100.0,250.0,37.05,3.0,1175.32,438.85,1069.39,943.02,105.94,178.72,204.43,21656.0,,独立模拟示例.csv,独立生成,2977,完全独立模拟示例；非真实生产记录,False,,quick-6107
SIM-004520,G03,2024-07-08T06:13:00,9754.0,1100.0,230.0,35.87,4.48,1181.29,313.67,1067.72,980.77,113.56,168.42,209.49,19372.0,,独立模拟示例.csv,独立生成,4521,完全独立模拟示例；非真实生产记录,False,,quick-6115
SIM-007633,G04,2024-07-06T14:59:00,10078.0,1100.0,230.0,43.32,4.48,1214.22,447.73,1083.89,972.06,130.33,225.91,207.65,20015.0,,独立模拟示例.csv,独立生成,7634,完全独立模拟示例；非真实生产记录,False,,quick-6118
SIM-002861,G02,2024-07-19T10:21:00,9388.0,1600.0,230.0,31.56,2.89,1183.39,512.26,1074.48,983.35,108.91,179.5,186.95,27119.0,,独立模拟示例.csv,独立生成,2862,完全独立模拟示例；非真实生产记录,False,,quick-6153
SIM-009420,G05,2024-07-20T09:14:00,10883.0,1100.0,210.0,44.53,3.57,1151.85,496.83,1017.15,891.02,134.69,189.39,225.07,19735.0,,独立模拟示例.csv,独立生成,9421,完全独立模拟示例；非真实生产记录,False,,quick-6154
SIM-004717,G03,2024-07-08T16:25:00,10117.0,1600.0,230.0,40.95,2.13,1181.48,450.74,1067.95,938.79,113.53,157.51,163.36,29225.0,,独立模拟示例.csv,独立生成,4718,完全独立模拟示例；非真实生产记录,False,,quick-6159
SIM-001817,G01,2024-07-23T05:20:00,9469.0,1400.0,230.0,31.87,4.07,1199.79,500.41,1067.16,963.86,132.63,190.77,207.7,23934.0,,独立模拟示例.csv,独立生成,1818,完全独立模拟示例；非真实生产记录,False,,quick-6163
SIM-006915,G04,2024-07-04T04:45:00,10188.0,1600.0,280.0,44.3,2.83,1213.53,351.2,1090.95,979.1,122.58,190.12,199.27,35831.0,,独立模拟示例.csv,独立生成,6916,完全独立模拟示例；非真实生产记录,False,,quick-6169
SIM-001711,G01,2024-07-10T18:36:00,8973.0,1250.0,230.0,34.1,4.47,1204.73,377.46,1097.99,985.05,106.73,172.11,146.54,20251.0,,独立模拟示例.csv,独立生成,1712,完全独立模拟示例；非真实生产记录,False,,quick-6205
SIM-003226,G02,2024-07-07T17:16:00,10560.0,1400.0,230.0,35.78,3.25,1177.53,324.86,1050.2,957.86,127.33,168.65,168.71,26693.0,,独立模拟示例.csv,独立生成,3227,完全独立模拟示例；非真实生产记录,False,,quick-6208
SIM-007664,G04,2024-07-13T14:53:00,10058.0,1100.0,230.0,40.29,3.41,1168.02,520.81,1055.13,950.96,112.89,178.89,188.53,19977.0,,独立模拟示例.csv,独立生成,7665,完全独立模拟示例；非真实生产记录,False,,quick-6210
SIM-004542,G03,2024-07-31T22:42:00,9803.0,1250.0,280.0,40.66,3.15,1206.97,519.75,1079.8,970.2,127.17,163.68,174.64,26933.0,,独立模拟示例.csv,独立生成,4543,完全独立模拟示例；非真实生产记录,False,,quick-6217
SIM-009060,G05,2024-07-08T12:27:00,10444.0,1100.0,230.0,42.47,3.94,1164.78,554.47,1045.44,957.75,119.33,196.65,240.21,20741.0,,独立模拟示例.csv,独立生成,9061,完全独立模拟示例；非真实生产记录,False,,quick-6222
SIM-002822,G02,2024-07-01T21:39:00,9669.0,1100.0,210.0,34.18,3.54,1188.85,478.26,1062.32,946.73,126.53,161.91,178.74,17533.0,,独立模拟示例.csv,独立生成,2823,完全独立模拟示例；非真实生产记录,False,,quick-6239
SIM-000522,G01,2024-07-02T07:44:00,9865.0,1250.0,250.0,34.17,3.28,1199.03,286.24,1079.92,932.24,119.11,177.43,186.29,24199.0,,独立模拟示例.csv,独立生成,523,完全独立模拟示例；非真实生产记录,False,,quick-6251
SIM-007624,G04,2024-07-09T00:42:00,10145.0,1100.0,230.0,42.12,3.88,1180.26,438.84,1052.3,949.51,127.96,191.92,181.61,20149.0,,独立模拟示例.csv,独立生成,7625,完全独立模拟示例；非真实生产记录,False,,quick-6255
SIM-008918,G05,2024-07-19T04:41:00,10348.0,1400.0,230.0,36.02,4.5,1202.71,531.38,1070.55,961.74,132.16,168.12,205.96,26157.0,,独立模拟示例.csv,独立生成,8919,完全独立模拟示例；非真实生产记录,False,,quick-6276
SIM-002492,G02,2024-07-04T09:31:00,9601.0,1400.0,230.0,35.77,3.0,1205.95,432.14,1084.8,967.85,121.16,168.82,200.9,24268.0,,独立模拟示例.csv,独立生成,2493,完全独立模拟示例；非真实生产记录,False,,quick-6280
SIM-000913,G01,2024-07-12T19:53:00,9987.0,1100.0,230.0,37.65,2.69,1202.5,259.21,1087.87,976.76,114.63,158.92,201.67,19835.0,,独立模拟示例.csv,独立生成,914,完全独立模拟示例；非真实生产记录,False,,quick-6289
SIM-004063,G03,2024-07-10T12:07:00,10030.0,1250.0,250.0,37.88,4.82,1195.16,502.48,1074.88,959.2,120.28,196.75,176.42,24604.0,,独立模拟示例.csv,独立生成,4064,完全独立模拟示例；非真实生产记录,False,,quick-6295
SIM-006285,G04,2024-07-17T16:52:00,11283.0,1400.0,210.0,41.77,3.6,1194.93,365.66,1061.55,960.26,133.38,208.87,196.31,26040.0,,独立模拟示例.csv,独立生成,6286,完全独立模拟示例；非真实生产记录,False,,quick-6312
SIM-000168,G01,2024-07-30T10:13:00,10280.0,1600.0,280.0,36.9,3.55,1218.08,357.2,1105.0,995.18,113.08,166.83,157.14,36153.0,,独立模拟示例.csv,独立生成,169,完全独立模拟示例；非真实生产记录,False,,quick-6327
SIM-003081,G02,2024-07-22T18:55:00,9468.0,1400.0,230.0,37.63,2.98,1196.37,488.97,1070.61,943.27,125.76,188.18,225.66,23932.0,,独立模拟示例.csv,独立生成,3082,完全独立模拟示例；非真实生产记录,False,,quick-6329
SIM-005323,G03,2024-07-04T15:35:00,10218.0,1400.0,230.0,35.49,3.22,1215.7,436.13,1088.68,978.31,127.02,178.34,216.52,25829.0,,独立模拟示例.csv,独立生成,5324,完全独立模拟示例；非真实生产记录,False,,quick-6337
SIM-008249,G05,2024-07-10T22:13:00,10251.0,1600.0,210.0,47.41,3.08,1192.3,563.8,1038.86,925.21,153.44,216.85,203.95,27037.0,,独立模拟示例.csv,独立生成,8250,完全独立模拟示例；非真实生产记录,False,,quick-6342
SIM-007896,G04,2024-07-10T20:40:00,10127.0,1250.0,230.0,39.69,3.93,1188.79,395.7,1062.73,970.84,126.06,144.4,206.6,22855.0,,独立模拟示例.csv,独立生成,7897,完全独立模拟示例；非真实生产记录,False,,quick-6372
SIM-008638,G05,2024-07-16T18:22:00,10165.0,1250.0,230.0,45.5,2.64,1174.52,524.33,1050.23,935.48,124.3,196.17,186.01,22942.0,,独立模拟示例.csv,独立生成,8639,完全独立模拟示例；非真实生产记录,False,,quick-6382
SIM-002860,G02,2024-07-28T18:18:00,10132.0,1400.0,230.0,31.59,3.88,1239.36,501.24,1106.92,1017.01,132.43,184.64,225.07,25612.0,,独立模拟示例.csv,独立生成,2861,完全独立模拟示例；非真实生产记录,False,,quick-6383
SIM-005227,G03,2024-07-05T19:20:00,10162.0,1250.0,250.0,37.79,2.72,1162.78,421.62,1029.73,932.64,133.06,239.03,216.92,24929.0,,独立模拟示例.csv,独立生成,5228,完全独立模拟示例；非真实生产记录,False,,quick-6385
SIM-001912,G01,2024-07-21T11:53:00,9395.0,1100.0,230.0,34.9,2.19,1179.58,469.06,1062.02,958.42,117.56,189.68,192.12,18658.0,,独立模拟示例.csv,独立生成,1913,完全独立模拟示例；非真实生产记录,False,,quick-6386
SIM-008193,G05,2024-07-25T10:46:00,10335.0,1400.0,230.0,44.66,4.07,1196.01,470.13,1064.66,966.5,131.35,183.92,231.04,26123.0,,独立模拟示例.csv,独立生成,8194,完全独立模拟示例；非真实生产记录,False,,quick-6414
SIM-005659,G03,2024-07-20T08:00:00,10221.0,1600.0,230.0,40.03,3.41,1169.07,578.87,1061.67,937.76,107.41,157.19,223.42,29525.0,,独立模拟示例.csv,独立生成,5660,完全独立模拟示例；非真实生产记录,False,,quick-6430
SIM-007232,G04,2024-07-24T06:13:00,10606.0,1250.0,250.0,41.45,3.61,1193.21,534.03,1068.93,954.61,124.28,196.5,208.08,26017.0,,独立模拟示例.csv,独立生成,7233,完全独立模拟示例；非真实生产记录,False,,quick-6439
SIM-002870,G02,2024-07-04T20:46:00,9789.0,1250.0,250.0,32.93,3.46,1178.41,336.12,1065.51,954.44,112.9,165.13,210.16,24013.0,,独立模拟示例.csv,独立生成,2871,完全独立模拟示例；非真实生产记录,False,,quick-6448
SIM-000838,G01,2024-07-16T18:22:00,9934.0,1600.0,230.0,39.76,3.49,1221.7,310.75,1096.88,988.0,124.83,163.9,190.98,28696.0,,独立模拟示例.csv,独立生成,839,完全独立模拟示例；非真实生产记录,False,,quick-6450
SIM-008091,G05,2024-07-03T22:41:00,11252.0,1100.0,210.0,43.92,4.92,1187.5,550.36,1036.72,928.11,150.78,194.6,207.11,20405.0,,独立模拟示例.csv,独立生成,8092,完全独立模拟示例；非真实生产记录,False,,quick-6471
SIM-005617,G03,2024-07-28T09:33:00,9955.0,1400.0,250.0,32.91,2.48,1204.73,372.69,1071.95,971.3,132.79,193.08,165.76,27351.0,,独立模拟示例.csv,独立生成,5618,完全独立模拟示例；非真实生产记录,False,,quick-6473
SIM-007334,G04,2024-07-07T17:27:00,10857.0,1100.0,210.0,38.72,3.88,1202.23,542.97,1076.2,967.33,126.03,206.21,230.09,19688.0,,独立模拟示例.csv,独立生成,7335,完全独立模拟示例；非真实生产记录,False,,quick-6489
SIM-001219,G01,2024-07-23T12:02:00,9944.0,1600.0,230.0,31.15,2.18,1235.81,502.09,1125.93,1013.07,109.88,187.82,178.07,28728.0,,独立模拟示例.csv,独立生成,1220,完全独立模拟示例；非真实生产记录,False,,quick-6494
SIM-004227,G03,2024-07-03T23:21:00,9641.0,1250.0,230.0,40.84,3.97,1162.22,340.17,1053.6,950.31,108.62,180.21,205.2,21758.0,,独立模拟示例.csv,独立生成,4228,完全独立模拟示例；非真实生产记录,False,,quick-6499
SIM-002253,G02,2024-07-15T15:11:00,10570.0,1250.0,250.0,34.01,1.74,1224.9,357.4,1106.23,983.49,118.67,178.45,221.27,25929.0,,独立模拟示例.csv,独立生成,2254,完全独立模拟示例；非真实生产记录,False,,quick-6512
SIM-008179,G05,2024-07-29T14:02:00,10801.0,1400.0,230.0,44.87,4.32,1176.49,336.05,1050.13,944.14,126.36,202.9,192.27,27302.0,,独立模拟示例.csv,独立生成,8180,完全独立模拟示例；非真实生产记录,False,,quick-6517
SIM-007583,G04,2024-07-26T08:53:00,10627.0,1100.0,280.0,38.73,3.72,1219.85,460.0,1091.84,977.75,128.02,185.24,216.26,25694.0,,独立模拟示例.csv,独立生成,7584,完全独立模拟示例；非真实生产记录,False,,quick-6538
SIM-005374,G03,2024-07-12T06:29:00,10499.0,1100.0,230.0,40.89,1.92,1182.89,452.36,1054.92,944.32,127.97,185.28,183.55,20851.0,,独立模拟示例.csv,独立生成,5375,完全独立模拟示例；非真实生产记录,False,,quick-6543
SIM-002238,G02,2024-07-17T21:56:00,9870.0,1400.0,280.0,34.13,2.59,1223.55,522.58,1100.48,996.26,123.07,162.96,178.48,30371.0,,独立模拟示例.csv,独立生成,2239,完全独立模拟示例；非真实生产记录,False,,quick-6552
SIM-000093,G01,2024-07-03T08:06:00,10157.0,1100.0,230.0,37.02,4.81,1226.5,461.38,1093.0,998.99,133.5,181.29,192.86,20172.0,,独立模拟示例.csv,独立生成,94,完全独立模拟示例；非真实生产记录,False,,quick-6566
SIM-007875,G04,2024-07-11T16:03:00,10713.0,1400.0,230.0,44.85,3.58,1205.93,429.29,1083.48,992.17,122.45,188.52,170.16,27080.0,,独立模拟示例.csv,独立生成,7876,完全独立模拟示例；非真实生产记录,False,,quick-6581
SIM-003517,G02,2024-07-04T03:30:00,10668.0,1600.0,250.0,36.35,4.14,1185.2,507.8,1060.15,964.16,125.05,163.1,191.89,33499.0,,独立模拟示例.csv,独立生成,3518,完全独立模拟示例；非真实生产记录,False,,quick-6583
SIM-009033,G05,2024-07-17T03:37:00,10383.0,1400.0,230.0,41.54,3.98,1185.22,506.3,1050.92,927.56,134.29,191.81,202.08,26246.0,,独立模拟示例.csv,独立生成,9034,完全独立模拟示例；非真实生产记录,False,,quick-6589
SIM-002254,G02,2024-07-28T15:57:00,10540.0,1400.0,230.0,37.91,4.03,1191.6,373.18,1072.03,967.42,119.57,184.1,163.33,26641.0,,独立模拟示例.csv,独立生成,2255,完全独立模拟示例；非真实生产记录,False,,quick-6610
SIM-000920,G01,2024-07-13T05:32:00,9354.0,1250.0,280.0,29.33,3.56,1213.79,528.1,1091.57,983.15,122.22,175.76,217.01,25701.0,,独立模拟示例.csv,独立生成,921,完全独立模拟示例；非真实生产记录,False,,quick-6611
SIM-004699,G03,2024-07-05T17:00:00,9947.0,1250.0,210.0,44.09,3.98,1211.96,530.42,1081.09,964.23,130.87,205.89,157.53,20496.0,,独立模拟示例.csv,独立生成,4700,完全独立模拟示例；非真实生产记录,False,,quick-6615
SIM-008250,G05,2024-07-09T08:14:00,9704.0,1400.0,210.0,41.55,3.8,1171.48,386.05,1032.5,917.26,138.99,201.15,199.21,22396.0,,独立模拟示例.csv,独立生成,8251,完全独立模拟示例；非真实生产记录,False,,quick-6630
SIM-006498,G04,2024-07-11T23:43:00,10141.0,1400.0,210.0,40.45,4.25,1170.48,327.08,1029.81,919.58,140.67,192.69,169.84,23405.0,,独立模拟示例.csv,独立生成,6499,完全独立模拟示例；非真实生产记录,False,,quick-6643
SIM-004048,G03,2024-07-26T06:12:00,9505.0,1250.0,230.0,39.45,4.23,1177.49,452.14,1032.47,928.59,145.02,178.33,191.45,21451.0,,独立模拟示例.csv,独立生成,4049,完全独立模拟示例；非真实生产记录,False,,quick-6659
SIM-003055,G02,2024-07-26T15:31:00,9521.0,1400.0,250.0,33.77,4.9,1207.93,365.75,1081.0,965.96,126.92,171.95,159.34,26159.0,,独立模拟示例.csv,独立生成,3056,完全独立模拟示例；非真实生产记录,False,,quick-6665
SIM-000527,G01,2024-07-09T04:48:00,9747.0,1250.0,250.0,33.28,3.77,1183.63,531.64,1074.54,965.45,109.1,158.01,175.15,23912.0,,独立模拟示例.csv,独立生成,528,完全独立模拟示例；非真实生产记录,False,,quick-6671
SIM-009704,G05,2024-07-25T13:37:00,10466.0,1100.0,280.0,42.22,4.01,1168.5,474.5,1025.81,891.75,142.69,204.28,196.0,25304.0,,独立模拟示例.csv,独立生成,9705,完全独立模拟示例；非真实生产记录,False,,quick-6680
SIM-007955,G04,2024-07-26T20:21:00,9986.0,1250.0,280.0,39.39,3.53,1181.56,410.58,1044.83,950.09,136.73,202.04,205.78,27437.0,,独立模拟示例.csv,独立生成,7956,完全独立模拟示例；非真实生产记录,False,,quick-6685
SIM-007332,G04,2024-07-26T03:48:00,10092.0,1100.0,230.0,43.32,2.98,1180.27,355.2,1059.76,949.98,120.51,191.32,228.71,20044.0,,独立模拟示例.csv,独立生成,7333,完全独立模拟示例；非真实生产记录,False,,quick-6707
SIM-000390,G01,2024-07-14T18:58:00,10141.0,1250.0,230.0,30.69,3.22,1205.22,313.4,1100.81,988.56,104.41,168.83,197.46,22887.0,,独立模拟示例.csv,独立生成,391,完全独立模拟示例；非真实生产记录,False,,quick-6710
SIM-005854,G03,2024-07-20T19:39:00,9046.0,1250.0,210.0,38.68,4.54,1175.84,301.28,1061.31,937.7,114.52,180.87,180.23,18641.0,,独立模拟示例.csv,独立生成,5855,完全独立模拟示例；非真实生产记录,False,,quick-6721
SIM-009395,G05,2024-07-27T09:07:00,10217.0,1400.0,280.0,41.09,4.89,1213.31,333.0,1075.17,953.58,138.15,186.53,242.55,31439.0,,独立模拟示例.csv,独立生成,9396,完全独立模拟示例；非真实生产记录,False,,quick-6740
SIM-003372,G02,2024-07-29T18:54:00,9999.0,1100.0,210.0,34.37,3.06,1204.98,341.96,1073.08,952.41,131.9,191.51,191.04,18132.0,,独立模拟示例.csv,独立生成,3373,完全独立模拟示例；非真实生产记录,False,,quick-6743
SIM-000938,G01,2024-07-13T12:21:00,10466.0,1250.0,210.0,36.09,4.55,1189.85,418.16,1074.01,938.8,115.84,160.37,175.83,21567.0,,独立模拟示例.csv,独立生成,939,完全独立模拟示例；非真实生产记录,False,,quick-6748
SIM-007021,G04,2024-07-09T01:42:00,9709.0,1250.0,230.0,40.15,3.95,1187.64,547.82,1054.45,936.55,133.2,182.31,210.15,21913.0,,独立模拟示例.csv,独立生成,7022,完全独立模拟示例；非真实生产记录,False,,quick-6768
SIM-001597,G01,2024-07-28T12:05:00,9878.0,1600.0,230.0,34.95,5.02,1192.18,440.1,1069.31,961.47,122.87,180.4,168.32,28536.0,,独立模拟示例.csv,独立生成,1598,完全独立模拟示例；非真实生产记录,False,,quick-6782
SIM-005324,G03,2024-07-29T08:50:00,10047.0,1400.0,250.0,37.99,3.28,1169.89,561.8,1069.75,979.82,100.14,179.12,204.22,27603.0,,独立模拟示例.csv,独立生成,5325,完全独立模拟示例；非真实生产记录,False,,quick-6787
SIM-003837,G02,2024-07-07T15:47:00,9946.0,1600.0,280.0,31.05,4.43,1197.37,395.84,1067.26,970.35,130.11,182.8,172.08,34978.0,,独立模拟示例.csv,独立生成,3838,完全独立模拟示例；非真实生产记录,False,,quick-6789
SIM-009939,G05,2024-07-24T09:42:00,10130.0,1250.0,210.0,42.45,3.6,1185.31,399.45,1044.54,923.91,140.77,223.63,227.23,20873.0,,独立模拟示例.csv,独立生成,9940,完全独立模拟示例；非真实生产记录,False,,quick-6813
SIM-007032,G04,2024-07-19T01:27:00,10252.0,1100.0,230.0,38.44,3.21,1157.17,453.17,1014.78,918.05,142.39,225.27,213.02,20361.0,,独立模拟示例.csv,独立生成,7033,完全独立模拟示例；非真实生产记录,False,,quick-6816
SIM-004044,G03,2024-07-09T22:43:00,10368.0,1400.0,230.0,39.69,3.94,1162.46,480.77,1047.2,938.46,115.26,181.92,210.3,26208.0,,独立模拟示例.csv,独立生成,4045,完全独立模拟示例；非真实生产记录,False,,quick-6818
SIM-002489,G02,2024-07-31T10:12:00,10489.0,1100.0,230.0,27.31,4.05,1211.2,315.59,1082.77,981.83,128.43,185.38,137.85,20831.0,,独立模拟示例.csv,独立生成,2490,完全独立模拟示例；非真实生产记录,False,,quick-6842
SIM-001022,G01,2024-07-21T14:29:00,10127.0,1600.0,230.0,32.68,4.94,1200.6,479.28,1080.78,996.96,119.82,158.04,202.91,29254.0,,独立模拟示例.csv,独立生成,1023,完全独立模拟示例；非真实生产记录,False,,quick-6844
SIM-006877,G04,2024-07-23T08:50:00,10847.0,1250.0,250.0,42.69,3.54,1190.99,541.62,1073.07,952.89,117.92,148.29,197.59,26610.0,,独立模拟示例.csv,独立生成,6878,完全独立模拟示例；非真实生产记录,False,,quick-6857
SIM-008962,G05,2024-07-20T14:51:00,10374.0,1600.0,230.0,38.13,3.51,1175.01,509.42,1045.82,951.97,129.19,210.16,214.71,29969.0,,独立模拟示例.csv,独立生成,8963,完全独立模拟示例；非真实生产记录,False,,quick-6861
SIM-005993,G03,2024-07-27T20:54:00,10204.0,1100.0,210.0,40.6,4.56,1189.29,433.01,1076.58,972.44,112.72,172.04,189.18,18503.0,,独立模拟示例.csv,独立生成,5994,完全独立模拟示例；非真实生产记录,False,,quick-6865
SIM-008693,G05,2024-07-27T07:51:00,10607.0,1600.0,250.0,40.92,2.86,1145.41,488.77,1014.35,909.9,131.06,197.09,197.76,33306.0,,独立模拟示例.csv,独立生成,8694,完全独立模拟示例；非真实生产记录,False,,quick-6890
SIM-006489,G04,2024-07-24T17:44:00,9822.0,1250.0,210.0,39.84,4.01,1159.37,522.23,1052.41,963.06,106.96,162.55,196.66,20240.0,,独立模拟示例.csv,独立生成,6490,完全独立模拟示例；非真实生产记录,False,,quick-6897
SIM-000351,G01,2024-07-13T04:57:00,10635.0,1400.0,230.0,29.39,2.18,1208.32,365.69,1080.92,989.66,127.4,158.15,198.44,26881.0,,独立模拟示例.csv,独立生成,352,完全独立模拟示例；非真实生产记录,False,,quick-6912
SIM-002149,G02,2024-07-23T19:08:00,9552.0,1100.0,230.0,43.57,3.08,1177.57,473.71,1041.43,929.05,136.14,190.2,204.14,18971.0,,独立模拟示例.csv,独立生成,2150,完全独立模拟示例；非真实生产记录,False,,quick-6914
SIM-007444,G04,2024-07-16T12:31:00,10880.0,1400.0,280.0,37.0,2.99,1168.24,501.45,1047.08,944.78,121.16,165.07,203.47,33479.0,,独立模拟示例.csv,独立生成,7445,完全独立模拟示例；非真实生产记录,False,,quick-6929
SIM-005069,G03,2024-07-13T02:57:00,10578.0,1100.0,230.0,37.48,3.39,1163.29,376.8,1041.84,924.95,121.44,183.8,188.13,21009.0,,独立模拟示例.csv,独立生成,5070,完全独立模拟示例；非真实生产记录,False,,quick-6933
SIM-000760,G01,2024-07-08T06:28:00,10710.0,1600.0,210.0,35.0,3.12,1200.73,323.58,1084.8,1005.27,115.93,185.8,170.15,28249.0,,独立模拟示例.csv,独立生成,761,完全独立模拟示例；非真实生产记录,False,,quick-6940
SIM-008461,G05,2024-07-16T15:58:00,10667.0,1250.0,230.0,43.96,4.2,1174.28,471.96,1037.14,932.78,137.13,193.52,190.09,24074.0,,独立模拟示例.csv,独立生成,8462,完全独立模拟示例；非真实生产记录,False,,quick-6952
SIM-002690,G02,2024-07-21T08:28:00,9384.0,1400.0,250.0,39.9,2.51,1202.95,478.31,1080.41,985.24,122.54,181.27,187.0,25783.0,,独立模拟示例.csv,独立生成,2691,完全独立模拟示例；非真实生产记录,False,,quick-6964
SIM-006804,G04,2024-07-25T05:20:00,10642.0,1400.0,250.0,41.81,5.2,1192.12,577.63,1058.89,948.32,133.23,178.01,204.19,29239.0,,独立模拟示例.csv,独立生成,6805,完全独立模拟示例；非真实生产记录,False,,quick-6966
SIM-001505,G01,2024-07-05T21:00:00,9913.0,1250.0,280.0,35.88,3.41,1198.25,426.12,1073.09,963.08,125.16,195.03,208.39,27236.0,,独立模拟示例.csv,独立生成,1506,完全独立模拟示例；非真实生产记录,False,,quick-6980
SIM-005463,G03,2024-07-25T10:33:00,9457.0,1100.0,250.0,41.76,3.87,1163.5,529.02,1041.64,949.04,121.85,202.4,160.52,20414.0,,独立模拟示例.csv,独立生成,5464,完全独立模拟示例；非真实生产记录,False,,quick-6995
SIM-008882,G05,2024-07-01T11:15:00,11028.0,1600.0,230.0,44.07,3.45,1173.58,508.93,1040.67,933.41,132.92,198.53,167.05,31858.0,,独立模拟示例.csv,独立生成,8883,完全独立模拟示例；非真实生产记录,False,,quick-7013
SIM-006135,G04,2024-07-07T12:30:00,10516.0,1100.0,280.0,44.23,2.8,1171.05,384.63,1049.15,921.5,121.9,207.13,193.2,25425.0,,独立模拟示例.csv,独立生成,6136,完全独立模拟示例；非真实生产记录,False,,quick-7014
SIM-002692,G02,2024-07-18T17:23:00,10057.0,1100.0,250.0,35.01,2.72,1178.16,301.6,1053.66,936.54,124.5,169.88,180.23,21710.0,,独立模拟示例.csv,独立生成,2693,完全独立模拟示例；非真实生产记录,False,,quick-7018
SIM-001500,G01,2024-07-08T09:03:00,9829.0,1400.0,230.0,36.3,3.4,1201.62,446.15,1083.38,960.51,118.24,170.76,170.98,24845.0,,独立模拟示例.csv,独立生成,1501,完全独立模拟示例；非真实生产记录,False,,quick-7028
SIM-002574,G02,2024-07-24T22:07:00,9907.0,1250.0,250.0,36.38,3.61,1212.53,470.29,1095.63,996.71,116.9,184.49,198.23,24302.0,,独立模拟示例.csv,独立生成,2575,完全独立模拟示例；非真实生产记录,False,,quick-7055
SIM-005547,G03,2024-07-14T08:15:00,10703.0,1250.0,210.0,38.94,5.66,1173.31,465.03,1044.43,948.86,128.88,163.66,197.45,22055.0,,独立模拟示例.csv,独立生成,5548,完全独立模拟示例；非真实生产记录,False,,quick-7056
SIM-000806,G01,2024-07-13T06:17:00,10194.0,1250.0,280.0,36.28,3.22,1197.39,428.87,1072.87,966.63,124.52,158.34,195.47,28007.0,,独立模拟示例.csv,独立生成,807,完全独立模拟示例；非真实生产记录,False,,quick-7057
SIM-009812,G05,2024-07-09T15:36:00,10417.0,1100.0,250.0,40.52,4.03,1151.03,383.72,1013.68,897.7,137.35,200.77,183.79,22487.0,,独立模拟示例.csv,独立生成,9813,完全独立模拟示例；非真实生产记录,False,,quick-7065
SIM-007071,G04,2024-07-21T14:02:00,9466.0,1250.0,230.0,38.35,4.45,1180.81,421.03,1061.92,949.08,118.9,211.54,199.32,21364.0,,独立模拟示例.csv,独立生成,7072,完全独立模拟示例；非真实生产记录,False,,quick-7089
SIM-002729,G02,2024-07-29T20:48:00,10360.0,1400.0,250.0,36.66,4.25,1219.0,344.14,1083.54,975.6,135.46,204.42,194.59,28465.0,,独立模拟示例.csv,独立生成,2730,完全独立模拟示例；非真实生产记录,False,,quick-7099
SIM-000697,G01,2024-07-26T11:41:00,10237.0,1400.0,230.0,38.25,3.16,1185.61,383.81,1071.43,997.92,114.17,140.33,210.19,25877.0,,独立模拟示例.csv,独立生成,698,完全独立模拟示例；非真实生产记录,False,,quick-7109
SIM-005873,G03,2024-07-31T08:11:00,10066.0,1100.0,250.0,30.35,4.39,1178.13,575.36,1051.66,962.71,126.46,178.98,172.32,21729.0,,独立模拟示例.csv,独立生成,5874,完全独立模拟示例；非真实生产记录,False,,quick-7115
SIM-006096,G04,2024-07-10T09:08:00,9816.0,1100.0,230.0,38.27,3.45,1206.2,438.51,1068.72,943.43,137.48,175.1,189.01,19496.0,,独立模拟示例.csv,独立生成,6097,完全独立模拟示例；非真实生产记录,False,,quick-7121
SIM-008713,G05,2024-07-28T14:01:00,10159.0,1600.0,250.0,45.93,2.37,1171.12,529.7,1048.69,951.47,122.44,170.28,214.07,31898.0,,独立模拟示例.csv,独立生成,8714,完全独立模拟示例；非真实生产记录,False,,quick-7129
SIM-003084,G02,2024-07-01T21:06:00,9625.0,1250.0,230.0,33.08,4.12,1223.08,361.1,1095.29,986.42,127.79,158.69,151.7,21723.0,,独立模拟示例.csv,独立生成,3085,完全独立模拟示例；非真实生产记录,False,,quick-7148
SIM-008136,G05,2024-07-26T10:34:00,9618.0,1600.0,250.0,43.45,3.68,1187.7,273.08,1050.12,956.11,137.58,181.82,203.09,30200.0,,独立模拟示例.csv,独立生成,8137,完全独立模拟示例；非真实生产记录,False,,quick-7159
SIM-006350,G04,2024-07-17T01:24:00,10069.0,1400.0,230.0,45.83,3.56,1180.46,292.6,1065.23,967.19,115.23,163.53,187.06,25452.0,,独立模拟示例.csv,独立生成,6351,完全独立模拟示例；非真实生产记录,False,,quick-7162
SIM-000402,G01,2024-07-15T23:32:00,9991.0,1400.0,280.0,33.48,3.71,1204.43,343.46,1089.53,963.94,114.89,179.1,188.85,30745.0,,独立模拟示例.csv,独立生成,403,完全独立模拟示例；非真实生产记录,False,,quick-7178
SIM-005849,G03,2024-07-09T01:30:00,10449.0,1250.0,210.0,39.14,2.84,1212.15,519.86,1091.62,970.83,120.52,172.23,212.21,21531.0,,独立模拟示例.csv,独立生成,5850,完全独立模拟示例；非真实生产记录,False,,quick-7183
SIM-002712,G02,2024-07-05T08:31:00,9937.0,1250.0,230.0,32.47,3.31,1217.31,337.39,1099.62,995.45,117.69,171.2,175.79,22426.0,,独立模拟示例.csv,独立生成,2713,完全独立模拟示例；非真实生产记录,False,,quick-7186
SIM-008816,G05,2024-07-24T01:29:00,9549.0,1400.0,230.0,44.84,3.41,1199.07,343.57,1051.98,941.05,147.09,224.33,198.77,24138.0,,独立模拟示例.csv,独立生成,8817,完全独立模拟示例；非真实生产记录,False,,quick-7201
SIM-006790,G04,2024-07-14T21:00:00,9738.0,1250.0,250.0,36.88,3.85,1205.43,379.29,1060.54,949.94,144.89,187.47,165.43,23888.0,,独立模拟示例.csv,独立生成,6791,完全独立模拟示例；非真实生产记录,False,,quick-7225
SIM-002369,G02,2024-07-01T11:57:00,10151.0,1100.0,250.0,30.9,4.08,1185.86,409.82,1063.24,930.85,122.62,197.94,203.26,21914.0,,独立模拟示例.csv,独立生成,2370,完全独立模拟示例；非真实生产记录,False,,quick-7234
SIM-009359,G05,2024-07-21T18:38:00,10194.0,1100.0,250.0,44.73,4.96,1216.75,525.35,1070.12,948.94,146.63,223.4,181.27,22006.0,,独立模拟示例.csv,独立生成,9360,完全独立模拟示例；非真实生产记录,False,,quick-7239
SIM-005737,G03,2024-07-08T00:29:00,10164.0,1100.0,230.0,37.47,3.72,1212.81,439.66,1082.36,988.34,130.45,169.48,209.96,20186.0,,独立模拟示例.csv,独立生成,5738,完全独立模拟示例；非真实生产记录,False,,quick-7243
SIM-000238,G01,2024-07-10T03:22:00,9498.0,1400.0,230.0,35.79,4.01,1217.06,374.83,1102.11,985.04,114.95,172.6,172.6,24008.0,,独立模拟示例.csv,独立生成,239,完全独立模拟示例；非真实生产记录,False,,quick-7249
SIM-007106,G04,2024-07-12T23:51:00,10957.0,1250.0,250.0,44.51,4.44,1230.53,290.56,1087.54,975.72,143.0,227.41,178.83,26878.0,,独立模拟示例.csv,独立生成,7107,完全独立模拟示例；非真实生产记录,False,,quick-7256
SIM-002040,G02,2024-07-13T08:55:00,9429.0,1250.0,280.0,38.7,3.77,1160.66,261.73,1055.38,953.06,105.27,144.92,166.96,25907.0,,独立模拟示例.csv,独立生成,2041,完全独立模拟示例；非真实生产记录,False,,quick-7280
SIM-005018,G03,2024-07-26T05:06:00,9493.0,1250.0,230.0,35.81,3.99,1172.37,480.84,1052.61,935.04,119.77,195.56,207.58,21425.0,,独立模拟示例.csv,独立生成,5019,完全独立模拟示例；非真实生产记录,False,,quick-7290
SIM-000380,G01,2024-07-09T11:27:00,9403.0,1400.0,230.0,33.31,3.72,1210.75,322.49,1080.7,955.03,130.05,185.24,163.84,23768.0,,独立模拟示例.csv,独立生成,381,完全独立模拟示例；非真实生产记录,False,,quick-7302
SIM-008436,G05,2024-07-23T02:04:00,9810.0,1250.0,210.0,41.38,3.08,1146.42,398.97,1009.52,889.7,136.89,195.51,206.65,20215.0,,独立模拟示例.csv,独立生成,8437,完全独立模拟示例；非真实生产记录,False,,quick-7311
SIM-003450,G02,2024-07-05T07:18:00,9642.0,1250.0,210.0,32.01,3.4,1218.65,562.65,1098.14,995.61,120.51,192.88,191.52,19868.0,,独立模拟示例.csv,独立生成,3451,完全独立模拟示例；非真实生产记录,False,,quick-7313
SIM-007061,G04,2024-07-18T09:04:00,10153.0,1250.0,230.0,40.78,4.06,1166.15,387.92,1048.59,939.78,117.56,186.16,186.61,22915.0,,独立模拟示例.csv,独立生成,7062,完全独立模拟示例；非真实生产记录,False,,quick-7323
SIM-001872,G01,2024-07-03T06:31:00,9587.0,1600.0,230.0,26.19,3.98,1196.36,431.45,1091.09,988.01,105.27,151.1,228.88,27696.0,,独立模拟示例.csv,独立生成,1873,完全独立模拟示例；非真实生产记录,False,,quick-7332
SIM-004252,G03,2024-07-19T02:29:00,10531.0,1100.0,230.0,35.22,3.7,1203.22,413.8,1075.71,969.21,127.5,202.36,187.34,20914.0,,独立模拟示例.csv,独立生成,4253,完全独立模拟示例；非真实生产记录,False,,quick-7359
SIM-007773,G04,2024-07-12T09:40:00,10157.0,1600.0,230.0,35.67,4.18,1181.34,429.93,1049.41,960.27,131.93,179.92,178.56,29341.0,,独立模拟示例.csv,独立生成,7774,完全独立模拟示例；非真实生产记录,False,,quick-7366
SIM-000604,G01,2024-07-05T17:32:00,9717.0,1250.0,230.0,35.79,3.88,1217.47,497.37,1102.15,1003.61,115.32,159.99,181.2,21930.0,,独立模拟示例.csv,独立生成,605,完全独立模拟示例；非真实生产记录,False,,quick-7369
SIM-002268,G02,2024-07-08T23:59:00,11155.0,1600.0,250.0,40.31,4.0,1191.16,296.35,1060.63,935.72,130.52,209.03,187.23,35026.0,,独立模拟示例.csv,独立生成,2269,完全独立模拟示例；非真实生产记录,False,,quick-7371
SIM-009329,G05,2024-07-04T06:00:00,11145.0,1600.0,250.0,34.37,3.25,1170.14,527.98,1035.82,935.1,134.32,208.68,222.99,34997.0,,独立模拟示例.csv,独立生成,9330,完全独立模拟示例；非真实生产记录,False,,quick-7378
SIM-008784,G05,2024-07-16T22:24:00,10527.0,1400.0,230.0,43.82,3.58,1151.36,475.95,1011.54,908.54,139.82,211.48,199.41,26608.0,,独立模拟示例.csv,独立生成,8785,完全独立模拟示例；非真实生产记录,False,,quick-7404
SIM-002405,G02,2024-07-11T21:18:00,9834.0,1100.0,250.0,36.73,3.92,1161.98,464.96,1042.33,956.41,119.65,175.94,190.63,21230.0,,独立模拟示例.csv,独立生成,2406,完全独立模拟示例；非真实生产记录,False,,quick-7413
SIM-005233,G03,2024-07-16T01:26:00,9648.0,1100.0,210.0,38.38,3.69,1168.23,412.3,1057.51,957.66,110.72,195.97,234.14,17494.0,,独立模拟示例.csv,独立生成,5234,完全独立模拟示例；非真实生产记录,False,,quick-7414
SIM-006843,G04,2024-07-18T05:29:00,9909.0,1400.0,250.0,41.17,3.36,1208.49,528.67,1079.54,962.34,128.94,206.3,177.65,27225.0,,独立模拟示例.csv,独立生成,6844,完全独立模拟示例；非真实生产记录,False,,quick-7428
SIM-005385,G03,2024-07-23T07:11:00,9979.0,1600.0,250.0,40.54,4.3,1191.28,400.19,1065.99,957.54,125.29,200.74,198.25,31335.0,,独立模拟示例.csv,独立生成,5386,完全独立模拟示例；非真实生产记录,False,,quick-7435
SIM-001833,G01,2024-07-12T14:46:00,9558.0,1250.0,230.0,31.23,3.28,1206.58,471.93,1082.34,969.63,124.24,162.17,207.24,21571.0,,独立模拟示例.csv,独立生成,1834,完全独立模拟示例；非真实生产记录,False,,quick-7440
SIM-008715,G05,2024-07-17T07:15:00,9703.0,1400.0,250.0,39.0,3.98,1237.24,487.19,1102.46,1013.14,134.78,207.99,230.07,26658.0,,独立模拟示例.csv,独立生成,8716,完全独立模拟示例；非真实生产记录,False,,quick-7456
SIM-003580,G02,2024-07-22T05:04:00,10254.0,1100.0,230.0,32.31,2.19,1194.59,216.25,1079.35,961.85,115.24,174.72,218.32,20364.0,,独立模拟示例.csv,独立生成,3581,完全独立模拟示例；非真实生产记录,False,,quick-7463
SIM-007359,G04,2024-07-09T14:10:00,10423.0,1100.0,210.0,40.57,3.57,1189.58,355.06,1054.39,945.08,135.19,190.47,202.95,18901.0,,独立模拟示例.csv,独立生成,7360,完全独立模拟示例；非真实生产记录,False,,quick-7466
SIM-005148,G03,2024-07-17T12:01:00,10232.0,1250.0,230.0,42.76,4.75,1152.88,388.8,1030.25,917.5,122.64,171.26,197.37,23092.0,,独立模拟示例.csv,独立生成,5149,完全独立模拟示例；非真实生产记录,False,,quick-7485
SIM-000553,G01,2024-07-19T22:59:00,9845.0,1400.0,230.0,34.76,2.59,1173.85,327.56,1059.15,957.05,114.7,156.3,169.08,24885.0,,独立模拟示例.csv,独立生成,554,完全独立模拟示例；非真实生产记录,False,,quick-7508
SIM-002941,G02,2024-07-12T07:51:00,9379.0,1250.0,230.0,37.13,2.83,1222.93,497.58,1104.5,977.76,118.43,144.65,172.18,21168.0,,独立模拟示例.csv,独立生成,2942,完全独立模拟示例；非真实生产记录,False,,quick-7511
SIM-006246,G04,2024-07-06T09:13:00,10048.0,1400.0,230.0,38.78,4.17,1187.73,432.33,1064.91,938.81,122.83,203.39,183.63,25399.0,,独立模拟示例.csv,独立生成,6247,完全独立模拟示例；非真实生产记录,False,,quick-7518
SIM-008108,G05,2024-07-06T16:56:00,10406.0,1400.0,250.0,41.25,3.86,1212.07,455.1,1073.14,963.68,138.93,204.81,222.25,28590.0,,独立模拟示例.csv,独立生成,8109,完全独立模拟示例；非真实生产记录,False,,quick-7519
SIM-004390,G03,2024-07-29T18:09:00,10051.0,1400.0,210.0,40.84,3.4,1186.11,298.62,1053.62,918.85,132.49,203.07,191.22,23197.0,,独立模拟示例.csv,独立生成,4391,完全独立模拟示例；非真实生产记录,False,,quick-7528
SIM-002324,G02,2024-07-22T08:04:00,10109.0,1400.0,250.0,35.72,2.98,1173.57,363.73,1050.78,915.58,122.79,177.91,191.4,27776.0,,独立模拟示例.csv,独立生成,2325,完全独立模拟示例；非真实生产记录,False,,quick-7552
SIM-004566,G03,2024-07-08T20:36:00,10396.0,1400.0,210.0,38.82,6.0,1164.32,549.12,1043.92,931.81,120.4,185.5,192.32,23993.0,,独立模拟示例.csv,独立生成,4567,完全独立模拟示例；非真实生产记录,False,,quick-7560
SIM-001484,G01,2024-07-31T16:29:00,9867.0,1100.0,280.0,35.37,3.2,1174.27,432.66,1048.31,918.91,125.97,202.74,185.9,23857.0,,独立模拟示例.csv,独立生成,1485,完全独立模拟示例；非真实生产记录,False,,quick-7579
SIM-008746,G05,2024-07-27T05:08:00,10297.0,1400.0,230.0,35.73,4.79,1195.74,429.45,1062.46,972.26,133.28,208.97,186.98,26029.0,,独立模拟示例.csv,独立生成,8747,完全独立模拟示例；非真实生产记录,False,,quick-7582
SIM-006287,G04,2024-07-07T00:42:00,10090.0,1250.0,250.0,40.52,2.85,1191.68,581.24,1055.52,939.99,136.15,199.63,183.72,24751.0,,独立模拟示例.csv,独立生成,6288,完全独立模拟示例；非真实生产记录,False,,quick-7585
SIM-004606,G03,2024-07-06T03:51:00,10257.0,1400.0,230.0,33.08,3.29,1183.51,357.42,1061.64,944.77,121.87,174.64,152.34,25927.0,,独立模拟示例.csv,独立生成,4607,完全独立模拟示例；非真实生产记录,False,,quick-7590
SIM-002343,G02,2024-07-21T21:22:00,10544.0,1400.0,280.0,32.29,4.52,1187.02,394.85,1064.55,950.0,122.47,174.73,195.36,32445.0,,独立模拟示例.csv,独立生成,2344,完全独立模拟示例；非真实生产记录,False,,quick-7609
SIM-009412,G05,2024-07-25T14:47:00,10036.0,1600.0,280.0,45.96,4.35,1223.6,426.51,1080.1,968.98,143.5,191.16,208.48,35296.0,,独立模拟示例.csv,独立生成,9413,完全独立模拟示例；非真实生产记录,False,,quick-7620
SIM-007527,G04,2024-07-02T11:57:00,9975.0,1250.0,230.0,39.86,3.16,1199.96,356.43,1067.51,979.27,132.44,194.92,215.95,22513.0,,独立模拟示例.csv,独立生成,7528,完全独立模拟示例；非真实生产记录,False,,quick-7629
SIM-004928,G03,2024-07-20T22:24:00,10379.0,1250.0,210.0,38.26,1.2,1186.62,423.25,1066.45,918.53,120.16,189.14,148.73,21386.0,,独立模拟示例.csv,独立生成,4929,完全独立模拟示例；非真实生产记录,False,,quick-7634
SIM-001426,G01,2024-07-13T23:55:00,10060.0,1100.0,250.0,33.06,2.22,1195.83,399.31,1072.1,965.05,123.73,161.36,160.19,21718.0,,独立模拟示例.csv,独立生成,1427,完全独立模拟示例；非真实生产记录,False,,quick-7644
SIM-002365,G02,2024-07-11T04:52:00,10667.0,1100.0,230.0,34.29,3.71,1191.67,361.64,1064.9,982.12,126.78,171.83,182.71,21184.0,,独立模拟示例.csv,独立生成,2366,完全独立模拟示例；非真实生产记录,False,,quick-7659
SIM-008180,G05,2024-07-11T23:33:00,10636.0,1400.0,230.0,45.77,4.37,1151.93,333.38,1011.92,909.17,140.01,221.24,218.01,26886.0,,独立模拟示例.csv,独立生成,8181,完全独立模拟示例；非真实生产记录,False,,quick-7672
SIM-005128,G03,2024-07-01T15:10:00,10366.0,1400.0,280.0,38.95,4.07,1198.32,370.51,1065.68,945.29,132.63,185.99,218.59,31899.0,,独立模拟示例.csv,独立生成,5129,完全独立模拟示例；非真实生产记录,False,,quick-7684
SIM-001875,G01,2024-07-11T15:58:00,9520.0,1100.0,250.0,39.9,3.09,1200.47,386.73,1089.89,985.37,110.57,179.31,181.92,20551.0,,独立模拟示例.csv,独立生成,1876,完全独立模拟示例；非真实生产记录,False,,quick-7688
SIM-007222,G04,2024-07-11T15:45:00,10317.0,1600.0,250.0,39.81,2.84,1200.39,285.38,1073.43,945.54,126.96,191.98,193.0,32395.0,,独立模拟示例.csv,独立生成,7223,完全独立模拟示例；非真实生产记录,False,,quick-7702
SIM-003037,G02,2024-07-22T00:17:00,9151.0,1250.0,210.0,37.22,3.47,1206.14,368.81,1072.32,971.28,133.82,160.97,182.24,18858.0,,独立模拟示例.csv,独立生成,3038,完全独立模拟示例；非真实生产记录,False,,quick-7715
SIM-008916,G05,2024-07-12T09:56:00,11245.0,1250.0,230.0,43.52,5.1,1166.14,346.43,1034.0,938.64,132.14,212.9,218.9,25378.0,,独立模拟示例.csv,独立生成,8917,完全独立模拟示例；非真实生产记录,False,,quick-7716
SIM-004202,G03,2024-07-12T12:07:00,9748.0,1250.0,280.0,40.1,3.64,1198.31,452.13,1081.76,1000.64,116.55,189.68,205.62,26781.0,,独立模拟示例.csv,独立生成,4203,完全独立模拟示例；非真实生产记录,False,,quick-7724
SIM-001217,G01,2024-07-05T14:20:00,10350.0,1250.0,210.0,29.14,3.67,1213.51,413.42,1091.64,961.41,121.87,164.87,170.76,21327.0,,独立模拟示例.csv,独立生成,1218,完全独立模拟示例；非真实生产记录,False,,quick-7742
SIM-006556,G04,2024-07-24T14:47:00,10218.0,1100.0,230.0,38.24,4.24,1147.6,591.92,1007.62,918.09,139.98,214.17,168.8,20293.0,,独立模拟示例.csv,独立生成,6557,完全独立模拟示例；非真实生产记录,False,,quick-7752
SIM-004279,G03,2024-07-17T09:22:00,9273.0,1250.0,210.0,38.82,3.24,1201.61,416.31,1082.53,992.1,119.07,162.82,186.74,19108.0,,独立模拟示例.csv,独立生成,4280,完全独立模拟示例；非真实生产记录,False,,quick-7760
SIM-008634,G05,2024-07-12T22:33:00,10636.0,1250.0,230.0,38.93,4.02,1168.94,445.1,1037.55,939.82,131.38,191.61,230.27,24003.0,,独立模拟示例.csv,独立生成,8635,完全独立模拟示例；非真实生产记录,False,,quick-7762
SIM-002412,G02,2024-07-25T19:22:00,10322.0,1100.0,230.0,32.55,4.63,1199.12,507.08,1069.16,955.43,129.96,189.01,196.93,20500.0,,独立模拟示例.csv,独立生成,2413,完全独立模拟示例；非真实生产记录,False,,quick-7764
SIM-007675,G04,2024-07-04T20:25:00,10629.0,1100.0,210.0,43.82,4.41,1201.1,386.48,1073.28,949.47,127.81,185.08,184.4,19275.0,,独立模拟示例.csv,独立生成,7676,完全独立模拟示例；非真实生产记录,False,,quick-7792
SIM-000682,G01,2024-07-14T09:30:00,9196.0,1400.0,230.0,32.49,2.91,1180.51,342.06,1065.04,947.68,115.47,177.94,188.5,23244.0,,独立模拟示例.csv,独立生成,683,完全独立模拟示例；非真实生产记录,False,,quick-7803
SIM-008141,G05,2024-07-07T07:32:00,10141.0,1400.0,250.0,40.67,3.31,1168.33,531.26,1043.4,913.58,124.94,213.67,216.03,27864.0,,独立模拟示例.csv,独立生成,8142,完全独立模拟示例；非真实生产记录,False,,quick-7804
SIM-005564,G03,2024-07-05T21:01:00,10386.0,1100.0,250.0,39.5,3.49,1179.48,536.42,1053.69,948.22,125.79,197.91,207.03,22420.0,,独立模拟示例.csv,独立生成,5565,完全独立模拟示例；非真实生产记录,False,,quick-7817
SIM-006019,G04,2024-07-04T23:47:00,10133.0,1100.0,250.0,35.79,4.2,1164.75,408.79,1035.4,941.37,129.35,182.28,205.85,21874.0,,独立模拟示例.csv,独立生成,6020,完全独立模拟示例；非真实生产记录,False,,quick-7828
SIM-003703,G02,2024-07-06T04:07:00,9939.0,1250.0,230.0,32.25,2.33,1202.82,511.52,1089.22,999.6,113.6,161.32,175.53,22432.0,,独立模拟示例.csv,独立生成,3704,完全独立模拟示例；非真实生产记录,False,,quick-7843
SIM-009781,G05,2024-07-13T03:48:00,10029.0,1400.0,280.0,40.59,3.57,1173.83,435.08,1029.19,915.74,144.64,185.93,193.64,30860.0,,独立模拟示例.csv,独立生成,9782,完全独立模拟示例；非真实生产记录,False,,quick-7846
SIM-001571,G01,2024-07-13T04:55:00,10409.0,1600.0,230.0,32.78,3.01,1168.42,539.44,1057.68,927.03,110.75,183.07,214.76,30069.0,,独立模拟示例.csv,独立生成,1572,完全独立模拟示例；非真实生产记录,False,,quick-7853
SIM-004231,G03,2024-07-28T13:47:00,9646.0,1100.0,210.0,39.65,3.89,1197.5,455.01,1070.62,969.51,126.88,181.62,207.38,17492.0,,独立模拟示例.csv,独立生成,4232,完全独立模拟示例；非真实生产记录,False,,quick-7860
SIM-006304,G04,2024-07-09T23:30:00,10723.0,1250.0,250.0,34.13,4.26,1187.9,490.88,1061.9,946.4,126.0,172.03,185.4,26305.0,,独立模拟示例.csv,独立生成,6305,完全独立模拟示例；非真实生产记录,False,,quick-7869
SIM-005858,G03,2024-07-13T12:47:00,10267.0,1600.0,250.0,40.33,2.54,1189.78,429.01,1058.0,958.31,131.77,190.55,156.07,32237.0,,独立模拟示例.csv,独立生成,5859,完全独立模拟示例；非真实生产记录,False,,quick-7895
SIM-006817,G04,2024-07-19T12:31:00,9336.0,1600.0,230.0,37.61,3.64,1171.62,398.85,1045.8,947.65,125.81,156.21,186.29,26970.0,,独立模拟示例.csv,独立生成,6818,完全独立模拟示例；非真实生产记录,False,,quick-7902
SIM-008397,G05,2024-07-02T08:19:00,10113.0,1100.0,280.0,41.08,2.87,1189.39,495.22,1039.99,933.65,149.4,180.51,165.82,24450.0,,独立模拟示例.csv,独立生成,8398,完全独立模拟示例；非真实生产记录,False,,quick-7903
SIM-001362,G01,2024-07-01T16:36:00,10640.0,1250.0,230.0,34.13,3.18,1190.38,451.54,1074.22,972.11,116.16,193.31,195.04,24014.0,,独立模拟示例.csv,独立生成,1363,完全独立模拟示例；非真实生产记录,False,,quick-7909
SIM-002625,G02,2024-07-13T08:29:00,10261.0,1600.0,230.0,33.01,3.95,1190.64,358.66,1068.35,955.6,122.29,171.63,216.71,29642.0,,独立模拟示例.csv,独立生成,2626,完全独立模拟示例；非真实生产记录,False,,quick-7923
SIM-005639,G03,2024-07-24T19:04:00,10305.0,1100.0,210.0,37.98,3.79,1206.97,435.49,1070.77,975.08,136.2,196.86,204.89,18686.0,,独立模拟示例.csv,独立生成,5640,完全独立模拟示例；非真实生产记录,False,,quick-7948
SIM-000995,G01,2024-07-03T18:35:00,9605.0,1250.0,280.0,36.74,3.51,1189.38,468.27,1073.45,957.69,115.94,203.2,186.69,26390.0,,独立模拟示例.csv,独立生成,996,完全独立模拟示例；非真实生产记录,False,,quick-7958
SIM-003869,G02,2024-07-26T16:12:00,10299.0,1250.0,250.0,33.53,4.31,1167.6,498.91,1055.14,959.08,112.46,124.82,178.07,25266.0,,独立模拟示例.csv,独立生成,3870,完全独立模拟示例；非真实生产记录,False,,quick-7959
SIM-009822,G05,2024-07-06T13:16:00,10605.0,1400.0,250.0,42.02,4.0,1162.61,421.81,1026.69,924.13,135.92,180.44,198.94,29136.0,,独立模拟示例.csv,独立生成,9823,完全独立模拟示例；非真实生产记录,False,,quick-7960
SIM-006344,G04,2024-07-26T03:50:00,10319.0,1100.0,210.0,39.62,4.3,1185.71,464.62,1043.03,947.84,142.68,217.1,216.26,18712.0,,独立模拟示例.csv,独立生成,6345,完全独立模拟示例；非真实生产记录,False,,quick-7962
SIM-000685,G01,2024-07-19T20:29:00,9683.0,1400.0,230.0,33.94,2.47,1146.25,455.9,1026.76,901.18,119.5,177.95,182.64,24476.0,,独立模拟示例.csv,独立生成,686,完全独立模拟示例；非真实生产记录,False,,quick-7988
SIM-005409,G03,2024-07-12T04:42:00,9964.0,1100.0,230.0,40.31,3.13,1204.49,436.7,1059.79,957.4,144.7,214.24,162.22,19789.0,,独立模拟示例.csv,独立生成,5410,完全独立模拟示例；非真实生产记录,False,,quick-8002
SIM-002806,G02,2024-07-24T17:46:00,10073.0,1250.0,250.0,36.84,3.8,1184.77,386.76,1065.98,949.39,118.79,185.61,199.41,24710.0,,独立模拟示例.csv,独立生成,2807,完全独立模拟示例；非真实生产记录,False,,quick-8014
SIM-007067,G04,2024-07-12T12:20:00,10424.0,1100.0,280.0,43.95,3.83,1185.83,474.93,1059.78,971.63,126.05,184.34,198.07,25202.0,,独立模拟示例.csv,独立生成,7068,完全独立模拟示例；非真实生产记录,False,,quick-8020
SIM-000968,G01,2024-07-12T01:10:00,10160.0,1250.0,210.0,33.82,2.51,1200.28,479.31,1079.14,970.09,121.14,149.21,156.15,20937.0,,独立模拟示例.csv,独立生成,969,完全独立模拟示例；非真实生产记录,False,,quick-8030
SIM-008861,G05,2024-07-14T07:13:00,9823.0,1250.0,250.0,36.27,2.98,1193.41,405.3,1064.62,956.43,128.78,176.72,237.49,24097.0,,独立模拟示例.csv,独立生成,8862,完全独立模拟示例；非真实生产记录,False,,quick-8039
SIM-003698,G02,2024-07-24T19:58:00,10804.0,1250.0,250.0,34.81,4.12,1171.83,531.98,1054.73,961.54,117.1,184.08,156.15,26504.0,,独立模拟示例.csv,独立生成,3699,完全独立模拟示例；非真实生产记录,False,,quick-8056
SIM-005675,G03,2024-07-21T08:09:00,10001.0,1400.0,230.0,44.73,3.29,1188.31,412.57,1061.17,958.96,127.15,179.3,214.0,25279.0,,独立模拟示例.csv,独立生成,5676,完全独立模拟示例；非真实生产记录,False,,quick-8058
SIM-006635,G04,2024-07-11T19:35:00,10280.0,1100.0,230.0,38.89,5.23,1139.2,523.6,1014.45,895.93,124.75,179.78,227.41,20417.0,,独立模拟示例.csv,独立生成,6636,完全独立模拟示例；非真实生产记录,False,,quick-8073
SIM-000587,G01,2024-07-14T22:31:00,9743.0,1400.0,230.0,35.71,4.5,1182.23,413.86,1068.42,963.34,113.82,165.6,202.9,24626.0,,独立模拟示例.csv,独立生成,588,完全独立模拟示例；非真实生产记录,False,,quick-8077
SIM-008575,G05,2024-07-14T00:31:00,10777.0,1400.0,230.0,40.58,3.97,1171.04,435.64,1042.28,941.08,128.77,196.68,178.8,27242.0,,独立模拟示例.csv,独立生成,8576,完全独立模拟示例；非真实生产记录,False,,quick-8079
SIM-007671,G04,2024-07-07T16:18:00,11255.0,1100.0,210.0,41.04,3.89,1188.84,537.82,1054.2,938.13,134.65,177.48,185.19,20409.0,,独立模拟示例.csv,独立生成,7672,完全独立模拟示例；非真实生产记录,False,,quick-8102
SIM-002800,G02,2024-07-27T19:42:00,9968.0,1250.0,230.0,36.37,3.1,1209.12,425.93,1080.2,982.65,128.92,176.06,181.04,22496.0,,独立模拟示例.csv,独立生成,2801,完全独立模拟示例；非真实生产记录,False,,quick-8117
SIM-005523,G03,2024-07-19T19:48:00,10117.0,1600.0,230.0,43.9,3.81,1237.29,282.57,1126.98,1033.43,110.31,182.97,186.14,29227.0,,独立模拟示例.csv,独立生成,5524,完全独立模拟示例；非真实生产记录,False,,quick-8122
SIM-000018,G01,2024-07-05T13:55:00,9323.0,1250.0,210.0,34.46,3.87,1222.14,468.33,1087.15,1000.73,134.99,188.04,212.42,19211.0,,独立模拟示例.csv,独立生成,19,完全独立模拟示例；非真实生产记录,False,,quick-8126
SIM-008990,G05,2024-07-16T02:20:00,10635.0,1600.0,230.0,42.54,4.25,1200.73,478.29,1069.1,958.01,131.63,168.35,186.06,30723.0,,独立模拟示例.csv,独立生成,8991,完全独立模拟示例；非真实生产记录,False,,quick-8141
SIM-007833,G04,2024-07-20T12:19:00,10688.0,1600.0,230.0,40.96,3.44,1164.55,449.41,1035.82,911.41,128.74,182.46,197.93,30877.0,,独立模拟示例.csv,独立生成,7834,完全独立模拟示例；非真实生产记录,False,,quick-8148
SIM-002394,G02,2024-07-07T17:03:00,9321.0,1400.0,250.0,34.94,4.03,1191.67,558.41,1066.24,954.32,125.43,157.64,169.19,25610.0,,独立模拟示例.csv,独立生成,2395,完全独立模拟示例；非真实生产记录,False,,quick-8156
SIM-000821,G01,2024-07-10T02:30:00,9870.0,1400.0,250.0,36.25,3.3,1211.73,308.37,1098.4,988.5,113.34,179.02,180.95,27118.0,,独立模拟示例.csv,独立生成,822,完全独立模拟示例；非真实生产记录,False,,quick-8167
SIM-004267,G03,2024-07-01T15:20:00,9912.0,1400.0,210.0,40.48,3.97,1185.74,395.31,1060.88,951.81,124.86,196.42,172.56,22876.0,,独立模拟示例.csv,独立生成,4268,完全独立模拟示例；非真实生产记录,False,,quick-8183
SIM-008570,G05,2024-07-24T06:41:00,10389.0,1600.0,230.0,43.78,4.18,1192.04,519.53,1059.65,946.65,132.39,186.67,204.85,30013.0,,独立模拟示例.csv,独立生成,8571,完全独立模拟示例；非真实生产记录,False,,quick-8188
SIM-007374,G04,2024-07-14T14:17:00,9910.0,1600.0,280.0,40.06,3.32,1206.04,419.84,1064.05,948.81,142.0,222.84,178.59,34851.0,,独立模拟示例.csv,独立生成,7375,完全独立模拟示例；非真实生产记录,False,,quick-8195
SIM-001896,G01,2024-07-05T00:37:00,9351.0,1400.0,210.0,34.85,4.22,1196.27,415.37,1082.78,960.6,113.49,179.62,165.02,21581.0,,独立模拟示例.csv,独立生成,1897,完全独立模拟示例；非真实生产记录,False,,quick-8204
SIM-005766,G03,2024-07-13T16:25:00,9775.0,1400.0,230.0,41.23,3.91,1191.12,292.4,1061.73,942.0,129.4,202.2,216.08,24708.0,,独立模拟示例.csv,独立生成,5767,完全独立模拟示例；非真实生产记录,False,,quick-8221
SIM-002764,G02,2024-07-01T06:35:00,9630.0,1600.0,210.0,36.31,2.35,1196.04,487.39,1071.29,963.5,124.75,151.37,159.44,25399.0,,独立模拟示例.csv,独立生成,2765,完全独立模拟示例；非真实生产记录,False,,quick-8225
SIM-008493,G05,2024-07-31T17:02:00,10654.0,1600.0,230.0,40.89,4.93,1209.02,439.38,1076.05,971.81,132.97,183.11,199.91,30777.0,,独立模拟示例.csv,独立生成,8494,完全独立模拟示例；非真实生产记录,False,,quick-8244
SIM-007146,G04,2024-07-21T00:51:00,9822.0,1100.0,280.0,38.19,3.64,1183.93,455.4,1041.65,952.12,142.28,196.52,196.13,23747.0,,独立模拟示例.csv,独立生成,7147,完全独立模拟示例；非真实生产记录,False,,quick-8248
SIM-000634,G01,2024-07-18T11:52:00,10766.0,1100.0,250.0,35.46,3.48,1210.99,441.1,1085.0,984.08,125.99,174.93,168.08,23241.0,,独立模拟示例.csv,独立生成,635,完全独立模拟示例；非真实生产记录,False,,quick-8257
SIM-002954,G02,2024-07-26T04:05:00,9454.0,1250.0,230.0,34.85,3.82,1169.73,372.39,1050.37,969.97,119.36,172.22,201.78,21336.0,,独立模拟示例.csv,独立生成,2955,完全独立模拟示例；非真实生产记录,False,,quick-8268
SIM-002205,G02,2024-07-23T12:37:00,9870.0,1400.0,280.0,33.92,3.26,1206.71,637.13,1090.49,958.94,116.21,148.74,164.34,30373.0,,独立模拟示例.csv,独立生成,2206,完全独立模拟示例；非真实生产记录,False,,quick-8289
SIM-007024,G04,2024-07-15T22:38:00,9853.0,1400.0,210.0,37.95,2.47,1208.58,521.8,1081.47,993.65,127.11,203.2,205.53,22740.0,,独立模拟示例.csv,独立生成,7025,完全独立模拟示例；非真实生产记录,False,,quick-8295
SIM-005349,G03,2024-07-27T21:34:00,10328.0,1250.0,250.0,42.16,2.75,1186.74,386.14,1066.35,975.98,120.39,176.05,190.2,25335.0,,独立模拟示例.csv,独立生成,5350,完全独立模拟示例；非真实生产记录,False,,quick-8296
SIM-008967,G05,2024-07-31T15:27:00,9927.0,1600.0,250.0,43.77,3.89,1192.01,565.05,1055.44,957.92,136.58,217.92,172.31,31172.0,,独立模拟示例.csv,独立生成,8968,完全独立模拟示例；非真实生产记录,False,,quick-8305
SIM-001399,G01,2024-07-24T17:49:00,9783.0,1100.0,210.0,33.0,4.09,1184.7,399.56,1070.59,986.63,114.11,161.57,194.49,17740.0,,独立模拟示例.csv,独立生成,1400,完全独立模拟示例；非真实生产记录,False,,quick-8313
SIM-006875,G04,2024-07-22T23:11:00,10415.0,1250.0,210.0,41.34,3.26,1160.03,488.46,1026.6,924.4,133.44,233.77,206.28,21462.0,,独立模拟示例.csv,独立生成,6876,完全独立模拟示例；非真实生产记录,False,,quick-8335
SIM-000178,G01,2024-07-02T16:25:00,9861.0,1100.0,230.0,35.74,3.81,1192.8,511.73,1070.73,994.79,122.08,172.68,211.86,19585.0,,独立模拟示例.csv,独立生成,179,完全独立模拟示例；非真实生产记录,False,,quick-8348
SIM-005501,G03,2024-07-30T19:33:00,9248.0,1250.0,250.0,36.57,3.12,1168.7,527.39,1045.68,955.61,123.02,152.99,218.58,22688.0,,独立模拟示例.csv,独立生成,5502,完全独立模拟示例；非真实生产记录,False,,quick-8350
SIM-009797,G05,2024-07-29T20:53:00,10686.0,1400.0,250.0,35.35,4.16,1198.68,491.4,1050.44,932.38,148.23,184.59,203.63,29359.0,,独立模拟示例.csv,独立生成,9798,完全独立模拟示例；非真实生产记录,False,,quick-8360
SIM-002300,G02,2024-07-14T23:17:00,10126.0,1100.0,250.0,35.22,4.59,1174.41,439.76,1059.88,949.38,114.53,177.54,166.92,21860.0,,独立模拟示例.csv,独立生成,2301,完全独立模拟示例；非真实生产记录,False,,quick-8369
SIM-007579,G04,2024-07-17T01:53:00,10405.0,1400.0,230.0,36.97,3.61,1189.06,371.64,1069.1,958.87,119.96,170.86,211.27,26301.0,,独立模拟示例.csv,独立生成,7580,完全独立模拟示例；非真实生产记录,False,,quick-8376
SIM-000808,G01,2024-07-26T11:30:00,9211.0,1250.0,230.0,26.99,2.98,1225.55,516.15,1103.02,989.62,122.53,133.94,152.33,20788.0,,独立模拟示例.csv,独立生成,809,完全独立模拟示例；非真实生产记录,False,,quick-8399
SIM-007928,G04,2024-07-18T19:39:00,9782.0,1400.0,250.0,39.15,4.48,1194.98,534.6,1061.33,955.2,133.65,207.21,186.02,26877.0,,独立模拟示例.csv,独立生成,7929,完全独立模拟示例；非真实生产记录,False,,quick-8403
SIM-008167,G05,2024-07-15T02:24:00,10026.0,1600.0,280.0,47.46,2.75,1189.99,633.41,1053.5,927.76,136.49,192.58,254.92,35261.0,,独立模拟示例.csv,独立生成,8168,完全独立模拟示例；非真实生产记录,False,,quick-8410
SIM-002617,G02,2024-07-08T05:14:00,9638.0,1250.0,230.0,34.9,3.16,1173.61,273.61,1055.03,942.46,118.58,188.63,203.64,21751.0,,独立模拟示例.csv,独立生成,2618,完全独立模拟示例；非真实生产记录,False,,quick-8422
SIM-005927,G03,2024-07-19T07:32:00,8553.0,1600.0,230.0,37.24,3.67,1169.91,373.54,1047.57,931.1,122.34,194.51,186.82,24707.0,,独立模拟示例.csv,独立生成,5928,完全独立模拟示例；非真实生产记录,False,,quick-8431
SIM-000554,G01,2024-07-26T04:37:00,9952.0,1400.0,230.0,31.87,2.67,1192.81,315.22,1064.98,964.12,127.82,172.35,167.43,25157.0,,独立模拟示例.csv,独立生成,555,完全独立模拟示例；非真实生产记录,False,,quick-8450
SIM-007745,G04,2024-07-28T11:53:00,9884.0,1400.0,230.0,37.02,3.24,1193.74,485.93,1059.69,945.9,134.04,205.15,179.58,24984.0,,独立模拟示例.csv,独立生成,7746,完全独立模拟示例；非真实生产记录,False,,quick-8455
SIM-008021,G05,2024-07-05T15:12:00,10979.0,1400.0,250.0,44.98,3.07,1174.39,487.46,1041.57,957.23,132.82,190.96,217.38,30164.0,,独立模拟示例.csv,独立生成,8022,完全独立模拟示例；非真实生产记录,False,,quick-8458
SIM-004392,G03,2024-07-26T12:37:00,10071.0,1250.0,230.0,44.76,3.67,1202.0,487.55,1073.75,968.28,128.25,213.92,182.85,22730.0,,独立模拟示例.csv,独立生成,4393,完全独立模拟示例；非真实生产记录,False,,quick-8485
SIM-001270,G01,2024-07-26T07:18:00,9705.0,1400.0,250.0,30.14,2.35,1190.21,326.59,1087.27,980.44,102.94,151.4,203.18,26664.0,,独立模拟示例.csv,独立生成,1271,完全独立模拟示例；非真实生产记录,False,,quick-8490
SIM-007013,G04,2024-07-04T07:51:00,10551.0,1400.0,210.0,39.26,2.1,1198.64,456.33,1077.93,970.73,120.71,169.88,191.63,24351.0,,独立模拟示例.csv,独立生成,7014,完全独立模拟示例；非真实生产记录,False,,quick-8491
SIM-002724,G02,2024-07-21T23:35:00,10204.0,1100.0,230.0,36.23,3.77,1189.42,510.59,1061.1,967.86,128.32,186.42,188.57,20265.0,,独立模拟示例.csv,独立生成,2725,完全独立模拟示例；非真实生产记录,False,,quick-8505
SIM-009468,G05,2024-07-19T21:00:00,10798.0,1100.0,280.0,42.7,3.73,1175.21,439.64,1041.06,920.41,134.15,186.54,210.13,26109.0,,独立模拟示例.csv,独立生成,9469,完全独立模拟示例；非真实生产记录,False,,quick-8520
SIM-004824,G03,2024-07-29T10:52:00,10222.0,1250.0,280.0,35.37,2.62,1186.67,374.6,1073.47,992.75,113.2,173.04,211.53,28085.0,,独立模拟示例.csv,独立生成,4825,完全独立模拟示例；非真实生产记录,False,,quick-8523
SIM-000847,G01,2024-07-06T20:54:00,9790.0,1400.0,230.0,36.3,2.77,1170.89,295.37,1083.72,991.64,87.17,141.47,202.08,24747.0,,独立模拟示例.csv,独立生成,848,完全独立模拟示例；非真实生产记录,False,,quick-8532
SIM-007209,G04,2024-07-19T12:47:00,10175.0,1400.0,230.0,41.1,4.68,1157.66,549.16,1012.26,900.75,145.4,215.29,175.92,25719.0,,独立模拟示例.csv,独立生成,7210,完全独立模拟示例；非真实生产记录,False,,quick-8542
SIM-002198,G02,2024-07-12T04:37:00,10244.0,1400.0,230.0,33.57,3.2,1208.87,380.54,1075.43,932.15,133.43,170.55,212.93,25894.0,,独立模拟示例.csv,独立生成,2199,完全独立模拟示例；非真实生产记录,False,,quick-8543
SIM-001841,G01,2024-07-17T22:10:00,9523.0,1250.0,230.0,40.9,2.97,1217.66,359.99,1104.57,1002.26,113.1,192.95,209.15,21493.0,,独立模拟示例.csv,独立生成,1842,完全独立模拟示例；非真实生产记录,False,,quick-8570
SIM-003093,G02,2024-07-01T17:25:00,9290.0,1400.0,250.0,37.08,1.52,1194.78,471.24,1057.86,941.01,136.92,150.16,172.8,25524.0,,独立模拟示例.csv,独立生成,3094,完全独立模拟示例；非真实生产记录,False,,quick-8571
SIM-009062,G05,2024-07-03T15:09:00,10061.0,1600.0,230.0,44.92,2.48,1188.42,516.54,1044.62,957.86,143.8,204.16,196.96,29063.0,,独立模拟示例.csv,独立生成,9063,完全独立模拟示例；非真实生产记录,False,,quick-8577
SIM-005944,G03,2024-07-06T00:35:00,10203.0,1400.0,250.0,37.92,4.59,1228.24,359.08,1093.1,993.43,135.13,186.23,193.82,28033.0,,独立模拟示例.csv,独立生成,5945,完全独立模拟示例；非真实生产记录,False,,quick-8596
SIM-006910,G04,2024-07-19T16:32:00,10132.0,1400.0,230.0,37.06,3.31,1182.29,326.87,1046.1,923.3,136.19,209.37,155.36,25611.0,,独立模拟示例.csv,独立生成,6911,完全独立模拟示例；非真实生产记录,False,,quick-8605
SIM-003040,G02,2024-07-11T16:37:00,10052.0,1400.0,250.0,35.81,2.87,1179.99,312.04,1084.37,972.94,95.62,152.66,214.61,27618.0,,独立模拟示例.csv,独立生成,3041,完全独立模拟示例；非真实生产记录,False,,quick-8610
SIM-001684,G01,2024-07-25T03:52:00,9760.0,1100.0,210.0,31.73,2.76,1193.66,345.13,1068.97,968.59,124.68,178.54,172.92,17698.0,,独立模拟示例.csv,独立生成,1685,完全独立模拟示例；非真实生产记录,False,,quick-8627
SIM-009383,G05,2024-07-09T05:22:00,10437.0,1400.0,250.0,42.49,4.53,1176.63,339.74,1041.05,936.66,135.58,182.59,225.05,28675.0,,独立模拟示例.csv,独立生成,9384,完全独立模拟示例；非真实生产记录,False,,quick-8640
SIM-003826,G02,2024-07-02T22:01:00,10296.0,1250.0,250.0,38.88,3.06,1200.4,444.47,1078.19,955.67,122.2,184.77,135.5,25258.0,,独立模拟示例.csv,独立生成,3827,完全独立模拟示例；非真实生产记录,False,,quick-8648
SIM-007813,G04,2024-07-28T15:29:00,10024.0,1100.0,250.0,42.85,3.98,1179.35,484.8,1053.33,945.8,126.01,160.59,204.81,21638.0,,独立模拟示例.csv,独立生成,7814,完全独立模拟示例；非真实生产记录,False,,quick-8654
SIM-004607,G03,2024-07-06T23:41:00,9588.0,1250.0,250.0,41.9,3.92,1164.4,551.05,1044.08,932.02,120.32,178.27,192.33,23520.0,,独立模拟示例.csv,独立生成,4608,完全独立模拟示例；非真实生产记录,False,,quick-8663
SIM-000219,G01,2024-07-09T20:19:00,9377.0,1100.0,280.0,34.99,3.32,1209.79,384.47,1091.61,978.21,118.19,164.69,193.67,22672.0,,独立模拟示例.csv,独立生成,220,完全独立模拟示例；非真实生产记录,False,,quick-8672
SIM-007217,G04,2024-07-17T09:34:00,10826.0,1250.0,280.0,42.31,2.91,1200.18,422.19,1071.86,941.18,128.31,205.67,193.34,29744.0,,独立模拟示例.csv,独立生成,7218,完全独立模拟示例；非真实生产记录,False,,quick-8693
SIM-008857,G05,2024-07-02T08:49:00,10093.0,1400.0,210.0,37.92,4.11,1198.59,455.11,1073.1,965.24,125.5,188.95,225.25,23295.0,,独立模拟示例.csv,独立生成,8858,完全独立模拟示例；非真实生产记录,False,,quick-8697
SIM-003637,G02,2024-07-23T04:21:00,9958.0,1400.0,210.0,40.19,4.37,1170.31,414.77,1049.86,931.47,120.45,169.19,206.83,22982.0,,独立模拟示例.csv,独立生成,3638,完全独立模拟示例；非真实生产记录,False,,quick-8704
SIM-004596,G03,2024-07-14T05:17:00,9863.0,1250.0,210.0,41.32,3.2,1223.79,332.0,1096.68,980.21,127.11,170.06,174.63,20324.0,,独立模拟示例.csv,独立生成,4597,完全独立模拟示例；非真实生产记录,False,,quick-8714
SIM-008587,G05,2024-07-05T08:27:00,9813.0,1600.0,230.0,41.53,3.61,1212.42,476.94,1077.03,971.36,135.39,196.01,208.06,28347.0,,独立模拟示例.csv,独立生成,8588,完全独立模拟示例；非真实生产记录,False,,quick-8726
SIM-001628,G01,2024-07-28T07:55:00,10176.0,1250.0,230.0,40.62,4.08,1218.35,385.51,1092.89,983.83,125.46,192.72,209.7,22965.0,,独立模拟示例.csv,独立生成,1629,完全独立模拟示例；非真实生产记录,False,,quick-8730
SIM-004764,G03,2024-07-13T19:50:00,10319.0,1600.0,250.0,37.01,3.26,1213.28,549.14,1101.86,1014.16,111.43,152.26,191.9,32403.0,,独立模拟示例.csv,独立生成,4765,完全独立模拟示例；非真实生产记录,False,,quick-8745
SIM-003611,G02,2024-07-23T10:44:00,10487.0,1250.0,230.0,37.06,2.95,1204.47,377.49,1085.02,992.02,119.45,195.26,174.04,23668.0,,独立模拟示例.csv,独立生成,3612,完全独立模拟示例；非真实生产记录,False,,quick-8761
SIM-007526,G04,2024-07-20T15:44:00,9913.0,1100.0,210.0,37.94,2.43,1206.81,536.2,1076.44,960.87,130.37,198.72,189.8,17975.0,,独立模拟示例.csv,独立生成,7527,完全独立模拟示例；非真实生产记录,False,,quick-8769
SIM-009496,G05,2024-07-15T09:59:00,10076.0,1400.0,280.0,37.76,4.35,1147.93,546.6,1025.82,928.72,122.11,192.84,210.7,31006.0,,独立模拟示例.csv,独立生成,9497,完全独立模拟示例；非真实生产记录,False,,quick-8774
SIM-000389,G01,2024-07-24T00:43:00,9147.0,1600.0,230.0,28.89,4.0,1206.47,431.42,1097.59,990.74,108.88,170.69,155.01,26423.0,,独立模拟示例.csv,独立生成,390,完全独立模拟示例；非真实生产记录,False,,quick-8779
SIM-005726,G03,2024-07-03T17:43:00,10566.0,1100.0,230.0,37.64,3.59,1184.93,404.38,1069.96,974.6,114.96,194.24,212.05,20985.0,,独立模拟示例.csv,独立生成,5727,完全独立模拟示例；非真实生产记录,False,,quick-8782
SIM-002685,G02,2024-07-09T04:22:00,10327.0,1250.0,230.0,39.5,3.35,1193.02,379.73,1076.93,969.21,116.09,159.94,173.07,23307.0,,独立模拟示例.csv,独立生成,2686,完全独立模拟示例；非真实生产记录,False,,quick-8807
SIM-008563,G05,2024-07-02T17:28:00,10759.0,1400.0,230.0,42.36,4.58,1191.89,500.26,1053.56,950.22,138.32,207.04,196.04,27196.0,,独立模拟示例.csv,独立生成,8564,完全独立模拟示例；非真实生产记录,False,,quick-8817
SIM-006227,G04,2024-07-12T02:30:00,9646.0,1400.0,210.0,38.63,4.01,1188.12,599.59,1059.93,952.95,128.19,208.16,169.32,22262.0,,独立模拟示例.csv,独立生成,6228,完全独立模拟示例；非真实生产记录,False,,quick-8819
SIM-005771,G03,2024-07-16T18:23:00,9898.0,1400.0,230.0,34.61,3.72,1209.35,457.7,1085.71,975.05,123.64,185.73,193.68,25019.0,,独立模拟示例.csv,独立生成,5772,完全独立模拟示例；非真实生产记录,False,,quick-8828
SIM-006239,G04,2024-07-07T22:33:00,10477.0,1250.0,230.0,40.48,3.83,1192.79,401.01,1060.43,970.17,132.36,155.58,207.87,23646.0,,独立模拟示例.csv,独立生成,6240,完全独立模拟示例；非真实生产记录,False,,quick-8859
SIM-009539,G05,2024-07-07T09:12:00,10259.0,1400.0,250.0,44.23,4.11,1192.75,585.43,1051.85,940.62,140.9,180.51,201.63,28188.0,,独立模拟示例.csv,独立生成,9540,完全独立模拟示例；非真实生产记录,False,,quick-8862
SIM-004935,G03,2024-07-08T16:01:00,9610.0,1100.0,230.0,41.58,2.75,1194.18,421.63,1059.62,946.72,134.56,178.08,184.79,19086.0,,独立模拟示例.csv,独立生成,4936,完全独立模拟示例；非真实生产记录,False,,quick-8864
SIM-002076,G02,2024-07-22T17:04:00,10239.0,1100.0,230.0,35.51,4.08,1218.09,323.38,1100.0,986.8,118.1,165.57,193.73,20335.0,,独立模拟示例.csv,独立生成,2077,完全独立模拟示例；非真实生产记录,False,,quick-8866
SIM-001393,G01,2024-07-02T03:01:00,9957.0,1250.0,280.0,31.58,2.74,1208.89,343.49,1103.84,992.04,105.05,164.6,222.48,27357.0,,独立模拟示例.csv,独立生成,1394,完全独立模拟示例；非真实生产记录,False,,quick-8868
SIM-006634,G04,2024-07-06T10:52:00,10736.0,1250.0,280.0,40.67,2.47,1220.03,448.17,1080.88,958.78,139.15,209.11,172.83,29498.0,,独立模拟示例.csv,独立生成,6635,完全独立模拟示例；非真实生产记录,False,,quick-8889
SIM-005009,G03,2024-07-03T13:35:00,10141.0,1250.0,280.0,43.54,2.12,1232.44,318.95,1104.26,995.92,128.18,195.54,207.32,27863.0,,独立模拟示例.csv,独立生成,5010,完全独立模拟示例；非真实生产记录,False,,quick-8910
SIM-008633,G05,2024-07-10T16:34:00,9652.0,1100.0,280.0,43.01,3.59,1184.5,453.53,1064.67,989.02,119.83,160.91,180.11,23337.0,,独立模拟示例.csv,独立生成,8634,完全独立模拟示例；非真实生产记录,False,,quick-8913
SIM-000211,G01,2024-07-21T01:20:00,9903.0,1250.0,210.0,34.39,4.14,1194.27,514.25,1066.42,940.42,127.85,166.51,194.82,20407.0,,独立模拟示例.csv,独立生成,212,完全独立模拟示例；非真实生产记录,False,,quick-8915
SIM-003961,G02,2024-07-18T01:25:00,9615.0,1250.0,250.0,35.54,4.84,1191.63,442.84,1061.3,955.85,130.33,202.04,186.07,23587.0,,独立模拟示例.csv,独立生成,3962,完全独立模拟示例；非真实生产记录,False,,quick-8929
SIM-007422,G04,2024-07-22T06:54:00,10099.0,1400.0,210.0,43.78,2.62,1178.35,482.99,1063.28,949.55,115.07,192.91,197.23,23308.0,,独立模拟示例.csv,独立生成,7423,完全独立模拟示例；非真实生产记录,False,,quick-8934
SIM-004819,G03,2024-07-08T14:17:00,9140.0,1400.0,230.0,40.52,4.08,1167.57,400.42,1035.15,929.57,132.42,173.5,176.12,23104.0,,独立模拟示例.csv,独立生成,4820,完全独立模拟示例；非真实生产记录,False,,quick-8957
SIM-003848,G02,2024-07-30T05:04:00,10016.0,1100.0,210.0,41.55,3.61,1206.45,445.0,1070.68,958.51,135.77,193.89,172.63,18163.0,,独立模拟示例.csv,独立生成,3849,完全独立模拟示例；非真实生产记录,False,,quick-8963
SIM-009238,G05,2024-07-28T08:34:00,11042.0,1250.0,210.0,39.2,2.82,1252.02,421.1,1116.08,1007.27,135.94,182.5,177.02,22753.0,,独立模拟示例.csv,独立生成,9239,完全独立模拟示例；非真实生产记录,False,,quick-8964
SIM-007660,G04,2024-07-24T06:36:00,10485.0,1250.0,230.0,37.09,4.41,1178.34,304.58,1037.85,908.77,140.49,202.25,169.43,23664.0,,独立模拟示例.csv,独立生成,7661,完全独立模拟示例；非真实生产记录,False,,quick-8984
SIM-001608,G01,2024-07-08T17:34:00,9236.0,1100.0,250.0,33.62,3.39,1172.1,489.09,1057.69,939.57,114.41,165.03,206.51,19938.0,,独立模拟示例.csv,独立生成,1609,完全独立模拟示例；非真实生产记录,False,,quick-9000
SIM-003847,G02,2024-07-18T11:56:00,9680.0,1250.0,210.0,35.82,3.15,1192.24,379.51,1067.05,957.43,125.18,145.26,198.05,19947.0,,独立模拟示例.csv,独立生成,3848,完全独立模拟示例；非真实生产记录,False,,quick-9006
SIM-009250,G05,2024-07-08T18:59:00,9951.0,1250.0,230.0,42.26,4.19,1208.43,467.33,1063.34,951.12,145.09,203.48,211.04,22458.0,,独立模拟示例.csv,独立生成,9251,完全独立模拟示例；非真实生产记录,False,,quick-9010
SIM-001732,G01,2024-07-28T09:39:00,10185.0,1400.0,250.0,30.61,2.71,1218.2,467.96,1091.3,995.23,126.91,160.77,159.48,27983.0,,独立模拟示例.csv,独立生成,1733,完全独立模拟示例；非真实生产记录,False,,quick-9024
SIM-006163,G04,2024-07-26T14:19:00,10106.0,1400.0,230.0,34.12,2.7,1187.25,447.55,1061.24,955.98,126.01,183.8,178.09,25545.0,,独立模拟示例.csv,独立生成,6164,完全独立模拟示例；非真实生产记录,False,,quick-9028
SIM-005891,G03,2024-07-16T10:31:00,9317.0,1400.0,250.0,45.18,4.93,1228.66,385.54,1101.27,981.54,127.39,181.44,181.04,25599.0,,独立模拟示例.csv,独立生成,5892,完全独立模拟示例；非真实生产记录,False,,quick-9046
SIM-002929,G02,2024-07-30T07:38:00,10081.0,1600.0,250.0,39.8,2.9,1177.37,279.31,1060.36,938.85,117.01,177.76,173.63,31656.0,,独立模拟示例.csv,独立生成,2930,完全独立模拟示例；非真实生产记录,False,,quick-9057
SIM-007427,G04,2024-07-18T16:24:00,10469.0,1250.0,230.0,38.29,3.87,1205.41,536.24,1074.27,975.22,131.13,204.72,216.17,23628.0,,独立模拟示例.csv,独立生成,7428,完全独立模拟示例；非真实生产记录,False,,quick-9069
SIM-008603,G05,2024-07-25T14:02:00,9339.0,1400.0,230.0,46.77,4.39,1199.3,389.16,1061.57,975.44,137.73,180.56,198.69,23606.0,,独立模拟示例.csv,独立生成,8604,完全独立模拟示例；非真实生产记录,False,,quick-9072
SIM-005076,G03,2024-07-20T11:11:00,9530.0,1600.0,230.0,38.96,3.15,1199.56,455.44,1067.01,959.05,132.54,212.18,168.68,27530.0,,独立模拟示例.csv,独立生成,5077,完全独立模拟示例；非真实生产记录,False,,quick-9078
SIM-000456,G01,2024-07-25T13:20:00,9872.0,1600.0,230.0,38.76,4.35,1194.03,452.3,1079.55,951.47,114.47,165.25,159.34,28519.0,,独立模拟示例.csv,独立生成,457,完全独立模拟示例；非真实生产记录,False,,quick-9092
SIM-003862,G02,2024-07-01T13:54:00,10394.0,1100.0,250.0,32.21,3.32,1213.88,369.2,1099.01,1015.61,114.88,172.58,232.99,22438.0,,独立模拟示例.csv,独立生成,3863,完全独立模拟示例；非真实生产记录,False,,quick-9109
SIM-007197,G04,2024-07-20T10:46:00,10320.0,1250.0,250.0,40.23,4.81,1175.93,322.69,1062.94,985.41,112.99,139.39,160.37,25315.0,,独立模拟示例.csv,独立生成,7198,完全独立模拟示例；非真实生产记录,False,,quick-9113
SIM-004874,G03,2024-07-16T00:17:00,9824.0,1250.0,230.0,35.26,3.29,1196.1,526.54,1062.48,962.11,133.62,182.32,174.11,22171.0,,独立模拟示例.csv,独立生成,4875,完全独立模拟示例；非真实生产记录,False,,quick-9126
SIM-009105,G05,2024-07-15T11:13:00,10396.0,1600.0,280.0,43.04,2.95,1141.77,284.21,1010.1,902.11,131.67,188.82,195.09,36561.0,,独立模拟示例.csv,独立生成,9106,完全独立模拟示例；非真实生产记录,False,,quick-9135
SIM-003998,G02,2024-07-01T17:04:00,10360.0,1400.0,250.0,38.73,3.34,1195.57,347.06,1068.86,949.93,126.71,166.61,163.91,28463.0,,独立模拟示例.csv,独立生成,3999,完全独立模拟示例；非真实生产记录,False,,quick-9147
SIM-007482,G04,2024-07-22T20:36:00,10411.0,1400.0,250.0,40.39,3.11,1192.84,491.24,1074.54,950.2,118.31,188.17,172.4,28603.0,,独立模拟示例.csv,独立生成,7483,完全独立模拟示例；非真实生产记录,False,,quick-9149
SIM-001823,G01,2024-07-05T11:46:00,9621.0,1400.0,280.0,31.05,3.73,1157.42,448.55,1041.26,940.92,116.16,184.28,176.07,29606.0,,独立模拟示例.csv,独立生成,1824,完全独立模拟示例；非真实生产记录,False,,quick-9170
SIM-008187,G05,2024-07-27T22:53:00,10508.0,1400.0,250.0,41.17,2.78,1196.32,438.89,1053.26,917.1,143.06,238.37,206.47,28872.0,,独立模拟示例.csv,独立生成,8188,完全独立模拟示例；非真实生产记录,False,,quick-9173
SIM-005699,G03,2024-07-12T08:03:00,10228.0,1250.0,280.0,36.6,3.52,1183.09,486.99,1059.48,958.99,123.61,184.05,192.36,28103.0,,独立模拟示例.csv,独立生成,5700,完全独立模拟示例；非真实生产记录,False,,quick-9182
SIM-007255,G04,2024-07-09T16:40:00,10558.0,1600.0,230.0,38.84,2.51,1171.24,445.3,1039.03,932.82,132.21,172.66,187.76,30500.0,,独立模拟示例.csv,独立生成,7256,完全独立模拟示例；非真实生产记录,False,,quick-9194
SIM-003627,G02,2024-07-29T04:10:00,10178.0,1400.0,210.0,38.81,2.75,1171.28,500.64,1038.86,946.68,132.43,190.37,154.77,23490.0,,独立模拟示例.csv,独立生成,3628,完全独立模拟示例；非真实生产记录,False,,quick-9208
SIM-008546,G05,2024-07-09T05:28:00,10298.0,1400.0,230.0,39.9,3.49,1152.08,405.32,1008.88,887.78,143.2,187.43,243.4,26031.0,,独立模拟示例.csv,独立生成,8547,完全独立模拟示例；非真实生产记录,False,,quick-9209
SIM-000332,G01,2024-07-30T14:30:00,9496.0,1250.0,230.0,39.68,3.42,1168.85,496.13,1054.74,929.63,114.11,151.17,179.23,21431.0,,独立模拟示例.csv,独立生成,333,完全独立模拟示例；非真实生产记录,False,,quick-9210
SIM-004903,G03,2024-07-03T19:11:00,10197.0,1250.0,210.0,35.96,5.86,1172.09,407.19,1064.81,979.74,107.27,174.65,180.48,21013.0,,独立模拟示例.csv,独立生成,4904,完全独立模拟示例；非真实生产记录,False,,quick-9233
SIM-006954,G04,2024-07-03T12:57:00,10377.0,1600.0,250.0,43.98,3.17,1222.08,387.37,1079.81,961.68,142.28,205.46,182.6,32582.0,,独立模拟示例.csv,独立生成,6955,完全独立模拟示例；非真实生产记录,False,,quick-9243
SIM-000065,G01,2024-07-28T07:36:00,10409.0,1400.0,230.0,37.27,3.2,1201.31,420.29,1066.61,968.18,134.7,187.03,166.92,26311.0,,独立模拟示例.csv,独立生成,66,完全独立模拟示例；非真实生产记录,False,,quick-9249
SIM-003002,G02,2024-07-04T21:38:00,10168.0,1100.0,230.0,35.47,4.0,1173.6,351.25,1048.54,938.23,125.07,151.45,169.53,20193.0,,独立模拟示例.csv,独立生成,3003,完全独立模拟示例；非真实生产记录,False,,quick-9258
SIM-006727,G04,2024-07-04T10:23:00,10083.0,1250.0,210.0,43.16,4.46,1186.71,336.86,1052.66,950.91,134.05,189.39,218.19,20777.0,,独立模拟示例.csv,独立生成,6728,完全独立模拟示例；非真实生产记录,False,,quick-9278
SIM-003740,G02,2024-07-29T23:43:00,10053.0,1100.0,230.0,40.95,3.91,1175.28,473.26,1048.02,926.1,127.26,192.58,167.71,19965.0,,独立模拟示例.csv,独立生成,3741,完全独立模拟示例；非真实生产记录,False,,quick-9290
SIM-004335,G03,2024-07-27T06:47:00,9146.0,1250.0,230.0,30.72,2.72,1165.36,421.52,1054.89,961.22,110.47,183.97,198.55,20641.0,,独立模拟示例.csv,独立生成,4336,完全独立模拟示例；非真实生产记录,False,,quick-9291
SIM-009227,G05,2024-07-16T18:06:00,10889.0,1600.0,210.0,39.58,3.93,1183.63,345.87,1060.21,974.21,123.41,193.03,233.59,28720.0,,独立模拟示例.csv,独立生成,9228,完全独立模拟示例；非真实生产记录,False,,quick-9293
SIM-001482,G01,2024-07-18T13:36:00,9989.0,1100.0,230.0,31.63,3.39,1217.05,431.52,1094.56,1012.48,122.49,150.87,135.6,19840.0,,独立模拟示例.csv,独立生成,1483,完全独立模拟示例；非真实生产记录,False,,quick-9313
SIM-009323,G05,2024-07-31T11:41:00,10971.0,1600.0,250.0,48.58,5.19,1162.17,334.07,1041.6,917.95,120.58,210.09,205.47,34447.0,,独立模拟示例.csv,独立生成,9324,完全独立模拟示例；非真实生产记录,False,,quick-9317
SIM-006298,G04,2024-07-26T02:09:00,10193.0,1600.0,250.0,40.04,4.39,1194.21,456.8,1075.15,976.77,119.06,209.18,195.83,32005.0,,独立模拟示例.csv,独立生成,6299,完全独立模拟示例；非真实生产记录,False,,quick-9330
SIM-001777,G01,2024-07-05T07:03:00,9892.0,1250.0,210.0,32.4,2.92,1191.38,367.43,1072.58,968.22,118.81,148.41,127.03,20383.0,,独立模拟示例.csv,独立生成,1778,完全独立模拟示例；非真实生产记录,False,,quick-9345
SIM-003923,G02,2024-07-07T03:19:00,9888.0,1600.0,210.0,36.59,3.34,1189.32,430.13,1072.38,950.71,116.94,171.19,174.95,26082.0,,独立模拟示例.csv,独立生成,3924,完全独立模拟示例；非真实生产记录,False,,quick-9354
SIM-007401,G04,2024-07-29T20:44:00,10659.0,1250.0,250.0,38.72,3.66,1178.97,568.63,1047.62,934.84,131.35,183.97,216.68,26148.0,,独立模拟示例.csv,独立生成,7402,完全独立模拟示例；非真实生产记录,False,,quick-9358
SIM-008870,G05,2024-07-17T21:44:00,10834.0,1400.0,250.0,42.78,4.08,1166.1,448.17,1042.67,943.34,123.43,204.52,207.11,29765.0,,独立模拟示例.csv,独立生成,8871,完全独立模拟示例；非真实生产记录,False,,quick-9380
SIM-000615,G01,2024-07-01T03:21:00,9271.0,1600.0,250.0,37.74,5.11,1200.62,394.08,1065.6,944.18,135.01,162.96,178.94,29110.0,,独立模拟示例.csv,独立生成,616,完全独立模拟示例；非真实生产记录,False,,quick-9393
SIM-004239,G03,2024-07-18T20:02:00,10382.0,1400.0,230.0,34.06,3.39,1184.48,342.57,1058.32,953.63,126.16,187.39,191.68,26244.0,,独立模拟示例.csv,独立生成,4240,完全独立模拟示例；非真实生产记录,False,,quick-9394
SIM-009086,G05,2024-07-29T06:01:00,9894.0,1100.0,250.0,47.39,3.29,1147.81,415.1,1010.85,905.62,136.95,190.08,205.37,21359.0,,独立模拟示例.csv,独立生成,9087,完全独立模拟示例；非真实生产记录,False,,quick-9402
SIM-006084,G04,2024-07-13T01:00:00,10523.0,1250.0,230.0,41.1,5.03,1189.85,517.3,1073.38,944.63,116.47,195.29,220.72,23749.0,,独立模拟示例.csv,独立生成,6085,完全独立模拟示例；非真实生产记录,False,,quick-9416
SIM-001796,G01,2024-07-31T17:11:00,9943.0,1400.0,230.0,29.24,3.96,1182.2,430.04,1057.82,974.45,124.38,177.76,189.4,25132.0,,独立模拟示例.csv,独立生成,1797,完全独立模拟示例；非真实生产记录,False,,quick-9418
SIM-002032,G02,2024-07-18T15:28:00,8845.0,1100.0,250.0,40.59,3.06,1182.34,431.31,1073.01,976.02,109.33,171.95,162.44,19095.0,,独立模拟示例.csv,独立生成,2033,完全独立模拟示例；非真实生产记录,False,,quick-9433
SIM-009133,G05,2024-07-19T20:54:00,10805.0,1400.0,280.0,43.59,4.14,1135.42,476.38,1016.83,892.28,118.6,193.66,214.05,33248.0,,独立模拟示例.csv,独立生成,9134,完全独立模拟示例；非真实生产记录,False,,quick-9451
SIM-000628,G01,2024-07-22T14:32:00,10017.0,1250.0,210.0,35.12,3.14,1176.99,266.86,1054.09,921.55,122.9,174.69,183.84,20641.0,,独立模拟示例.csv,独立生成,629,完全独立模拟示例；非真实生产记录,False,,quick-9456
SIM-006490,G04,2024-07-19T06:59:00,10050.0,1250.0,230.0,39.3,2.64,1165.49,396.17,1030.81,937.66,134.68,214.07,202.59,22681.0,,独立模拟示例.csv,独立生成,6491,完全独立模拟示例；非真实生产记录,False,,quick-9474
SIM-004143,G03,2024-07-26T05:27:00,9591.0,1600.0,230.0,34.51,4.27,1199.32,353.91,1071.09,955.93,128.23,207.69,185.84,27705.0,,独立模拟示例.csv,独立生成,4144,完全独立模拟示例；非真实生产记录,False,,quick-9476
SIM-003537,G02,2024-07-27T06:00:00,11111.0,1250.0,250.0,35.67,3.72,1179.74,391.51,1068.32,973.86,111.42,205.53,202.56,27257.0,,独立模拟示例.csv,独立生成,3538,完全独立模拟示例；非真实生产记录,False,,quick-9477
SIM-008168,G05,2024-07-18T16:50:00,10917.0,1250.0,210.0,36.78,4.08,1207.17,593.24,1076.1,964.82,131.08,205.24,184.43,22496.0,,独立模拟示例.csv,独立生成,8169,完全独立模拟示例；非真实生产记录,False,,quick-9492
SIM-001397,G01,2024-07-02T15:33:00,10455.0,1400.0,230.0,32.55,3.33,1210.27,377.71,1091.93,999.8,118.33,165.56,194.93,26426.0,,独立模拟示例.csv,独立生成,1398,完全独立模拟示例；非真实生产记录,False,,quick-9520
SIM-004051,G03,2024-07-30T13:05:00,10517.0,1250.0,210.0,37.1,4.5,1182.26,412.67,1062.28,942.88,119.98,190.42,207.71,21671.0,,独立模拟示例.csv,独立生成,4052,完全独立模拟示例；非真实生产记录,False,,quick-9525
SIM-006576,G04,2024-07-06T19:48:00,10859.0,1400.0,230.0,41.99,2.0,1151.21,341.42,1013.58,895.19,137.63,182.56,198.24,27448.0,,独立模拟示例.csv,独立生成,6577,完全独立模拟示例；非真实生产记录,False,,quick-9530
SIM-003036,G02,2024-07-23T23:44:00,10532.0,1100.0,250.0,37.74,3.39,1215.33,428.02,1092.62,980.89,122.71,184.04,166.89,22735.0,,独立模拟示例.csv,独立生成,3037,完全独立模拟示例；非真实生产记录,False,,quick-9535
SIM-008361,G05,2024-07-15T06:17:00,11040.0,1100.0,280.0,42.62,3.65,1190.93,536.19,1051.24,944.29,139.69,217.9,180.29,26692.0,,独立模拟示例.csv,独立生成,8362,完全独立模拟示例；非真实生产记录,False,,quick-9544
SIM-000921,G01,2024-07-29T22:31:00,9533.0,1600.0,210.0,34.88,2.16,1191.78,303.66,1083.68,980.83,108.09,174.29,170.6,25144.0,,独立模拟示例.csv,独立生成,922,完全独立模拟示例；非真实生产记录,False,,quick-9554
SIM-007160,G04,2024-07-25T12:57:00,10696.0,1250.0,230.0,40.64,3.86,1189.15,478.16,1061.5,962.98,127.65,175.52,230.18,24139.0,,独立模拟示例.csv,独立生成,7161,完全独立模拟示例；非真实生产记录,False,,quick-9573
SIM-008468,G05,2024-07-09T14:58:00,10644.0,1250.0,210.0,42.2,4.39,1194.37,429.8,1063.8,966.79,130.57,173.33,208.1,21933.0,,独立模拟示例.csv,独立生成,8469,完全独立模拟示例；非真实生产记录,False,,quick-9577
SIM-005656,G03,2024-07-30T18:27:00,9360.0,1400.0,280.0,38.22,4.31,1183.27,502.56,1054.57,931.26,128.7,200.68,199.58,28802.0,,独立模拟示例.csv,独立生成,5657,完全独立模拟示例；非真实生产记录,False,,quick-9589
SIM-001533,G01,2024-07-06T07:08:00,9676.0,1600.0,250.0,38.49,3.85,1190.47,494.8,1063.6,966.51,126.87,162.32,185.84,30383.0,,独立模拟示例.csv,独立生成,1534,完全独立模拟示例；非真实生产记录,False,,quick-9594
SIM-006932,G04,2024-07-06T11:00:00,10135.0,1100.0,230.0,39.99,4.98,1163.59,514.5,1038.83,945.42,124.77,174.72,194.17,20128.0,,独立模拟示例.csv,独立生成,6933,完全独立模拟示例；非真实生产记录,False,,quick-9611
SIM-009751,G05,2024-07-28T19:50:00,9779.0,1250.0,250.0,39.43,4.28,1171.94,541.36,1030.29,926.57,141.65,202.76,192.48,23988.0,,独立模拟示例.csv,独立生成,9752,完全独立模拟示例；非真实生产记录,False,,quick-9618
SIM-002812,G02,2024-07-28T23:07:00,9499.0,1400.0,210.0,38.47,3.13,1193.92,419.35,1068.82,953.06,125.1,168.61,171.93,21922.0,,独立模拟示例.csv,独立生成,2813,完全独立模拟示例；非真实生产记录,False,,quick-9621
SIM-005614,G03,2024-07-11T17:01:00,10376.0,1400.0,250.0,33.97,2.64,1209.42,342.31,1065.64,952.53,143.78,203.85,213.78,28507.0,,独立模拟示例.csv,独立生成,5615,完全独立模拟示例；非真实生产记录,False,,quick-9641
SIM-007756,G04,2024-07-16T10:52:00,10039.0,1600.0,230.0,44.37,3.75,1198.51,497.19,1073.71,956.47,124.8,183.1,234.86,29002.0,,独立模拟示例.csv,独立生成,7757,完全独立模拟示例；非真实生产记录,False,,quick-9642
SIM-000411,G01,2024-07-19T19:36:00,9826.0,1100.0,280.0,29.21,2.8,1200.66,303.63,1094.55,990.58,106.11,169.3,190.53,23758.0,,独立模拟示例.csv,独立生成,412,完全独立模拟示例；非真实生产记录,False,,quick-9656
SIM-008752,G05,2024-07-14T00:30:00,10174.0,1250.0,250.0,44.38,2.09,1185.86,443.29,1053.65,949.15,132.21,208.36,191.3,24958.0,,独立模拟示例.csv,独立生成,8753,完全独立模拟示例；非真实生产记录,False,,quick-9658
SIM-009610,G05,2024-07-24T14:43:00,10550.0,1400.0,250.0,41.56,4.31,1194.52,569.58,1073.02,919.75,121.49,184.51,203.53,28987.0,,独立模拟示例.csv,独立生成,9611,完全独立模拟示例；非真实生产记录,False,,quick-9692
SIM-006815,G04,2024-07-24T01:02:00,9883.0,1100.0,250.0,39.99,2.17,1185.12,383.77,1054.11,938.52,131.01,185.28,204.49,21334.0,,独立模拟示例.csv,独立生成,6816,完全独立模拟示例；非真实生产记录,False,,quick-9694
SIM-003098,G02,2024-07-13T04:07:00,9297.0,1100.0,230.0,43.02,3.8,1220.14,405.53,1105.65,1007.47,114.49,171.78,181.79,18465.0,,独立模拟示例.csv,独立生成,3099,完全独立模拟示例；非真实生产记录,False,,quick-9700
SIM-004504,G03,2024-07-04T17:12:00,9833.0,1400.0,230.0,35.26,3.24,1189.47,279.43,1064.61,987.47,124.86,175.44,215.9,24855.0,,独立模拟示例.csv,独立生成,4505,完全独立模拟示例；非真实生产记录,False,,quick-9704
SIM-000956,G01,2024-07-12T12:33:00,9386.0,1250.0,230.0,35.22,3.12,1206.02,288.57,1076.8,959.67,129.22,170.74,193.25,21183.0,,独立模拟示例.csv,独立生成,957,完全独立模拟示例；非真实生产记录,False,,quick-9706
SIM-006316,G04,2024-07-01T04:37:00,10238.0,1100.0,230.0,40.68,4.23,1189.82,529.86,1063.26,987.53,126.56,167.99,211.21,20333.0,,独立模拟示例.csv,独立生成,6317,完全独立模拟示例；非真实生产记录,False,,quick-9736
SIM-008636,G05,2024-07-20T06:51:00,10550.0,1250.0,280.0,45.69,3.97,1175.58,560.42,1046.85,923.05,128.73,175.25,172.54,28985.0,,独立模拟示例.csv,独立生成,8637,完全独立模拟示例；非真实生产记录,False,,quick-9738
SIM-000088,G01,2024-07-15T20:00:00,10392.0,1250.0,250.0,35.18,3.65,1197.66,397.04,1076.23,963.92,121.44,159.01,188.07,25494.0,,独立模拟示例.csv,独立生成,89,完全独立模拟示例；非真实生产记录,False,,quick-9741
SIM-004939,G03,2024-07-19T14:13:00,10401.0,1100.0,210.0,41.93,3.41,1174.66,268.58,1045.87,944.66,128.8,188.59,188.59,18861.0,,独立模拟示例.csv,独立生成,4940,完全独立模拟示例；非真实生产记录,False,,quick-9746
SIM-002382,G02,2024-07-04T15:40:00,10091.0,1600.0,280.0,42.61,4.79,1187.43,394.73,1064.38,933.93,123.05,165.03,218.91,35487.0,,独立模拟示例.csv,独立生成,2383,完全独立模拟示例；非真实生产记录,False,,quick-9773
SIM-001795,G01,2024-07-17T00:17:00,9705.0,1400.0,250.0,32.58,3.99,1213.43,380.61,1094.44,997.03,118.99,188.08,169.43,26663.0,,独立模拟示例.csv,独立生成,1796,完全独立模拟示例；非真实生产记录,False,,quick-9775
SIM-006179,G04,2024-07-14T15:35:00,9921.0,1400.0,280.0,40.74,3.33,1196.33,575.66,1061.15,956.16,135.18,202.84,197.27,30528.0,,独立模拟示例.csv,独立生成,6180,完全独立模拟示例；非真实生产记录,False,,quick-9781
SIM-000770,G01,2024-07-05T13:47:00,10169.0,1600.0,230.0,27.91,4.0,1200.22,381.85,1077.5,976.39,122.72,182.29,176.46,29376.0,,独立模拟示例.csv,独立生成,771,完全独立模拟示例；非真实生产记录,False,,quick-9799
SIM-004233,G03,2024-07-23T13:06:00,9834.0,1250.0,250.0,43.23,4.47,1188.02,516.02,1079.64,975.98,108.38,139.39,214.17,24123.0,,独立模拟示例.csv,独立生成,4234,完全独立模拟示例；非真实生产记录,False,,quick-9800
SIM-007645,G04,2024-07-30T19:31:00,10094.0,1400.0,250.0,42.91,4.08,1179.69,457.95,1037.39,941.84,142.3,206.5,194.5,27733.0,,独立模拟示例.csv,独立生成,7646,完全独立模拟示例；非真实生产记录,False,,quick-9825
SIM-002693,G02,2024-07-07T00:59:00,10009.0,1400.0,280.0,40.21,3.28,1200.49,426.45,1094.78,983.71,105.71,156.43,190.59,30801.0,,独立模拟示例.csv,独立生成,2694,完全独立模拟示例；非真实生产记录,False,,quick-9828
SIM-000813,G01,2024-07-01T22:32:00,9249.0,1250.0,250.0,31.75,3.67,1196.83,218.93,1089.53,978.52,107.29,172.25,177.87,22688.0,,独立模拟示例.csv,独立生成,814,完全独立模拟示例；非真实生产记录,False,,quick-9841
SIM-008396,G05,2024-07-21T02:39:00,10287.0,1250.0,210.0,40.3,4.88,1220.17,447.66,1081.58,967.23,138.6,227.0,171.15,21198.0,,独立模拟示例.csv,独立生成,8397,完全独立模拟示例；非真实生产记录,False,,quick-9842
SIM-005153,G03,2024-07-05T11:09:00,10387.0,1250.0,280.0,39.95,3.98,1153.48,396.55,1036.56,929.41,116.92,165.84,177.22,28539.0,,独立模拟示例.csv,独立生成,5154,完全独立模拟示例；非真实生产记录,False,,quick-9864
SIM-009316,G05,2024-07-16T12:13:00,9624.0,1600.0,230.0,41.7,3.0,1177.06,340.57,1048.92,962.79,128.14,176.23,178.63,27801.0,,独立模拟示例.csv,独立生成,9317,完全独立模拟示例；非真实生产记录,False,,quick-9875
SIM-001144,G01,2024-07-11T11:51:00,10354.0,1400.0,230.0,30.36,3.84,1198.36,274.53,1077.34,990.1,121.02,177.21,188.66,26171.0,,独立模拟示例.csv,独立生成,1145,完全独立模拟示例；非真实生产记录,False,,quick-9877
SIM-003439,G02,2024-07-09T11:27:00,10001.0,1600.0,280.0,34.17,2.62,1208.03,434.77,1083.19,959.68,124.84,166.26,154.18,35170.0,,独立模拟示例.csv,独立生成,3440,完全独立模拟示例；非真实生产记录,False,,quick-9880
SIM-006493,G04,2024-07-11T07:09:00,10131.0,1100.0,230.0,42.87,2.84,1180.9,495.86,1040.19,920.42,140.71,216.37,202.98,20122.0,,独立模拟示例.csv,独立生成,6494,完全独立模拟示例；非真实生产记录,False,,quick-9905
SIM-009756,G05,2024-07-27T09:24:00,9713.0,1250.0,230.0,47.66,3.99,1176.56,494.6,1043.74,912.78,132.82,205.31,203.84,21922.0,,独立模拟示例.csv,独立生成,9757,完全独立模拟示例；非真实生产记录,False,,quick-9910
SIM-004020,G03,2024-07-13T19:48:00,9566.0,1250.0,230.0,39.6,1.89,1185.92,365.2,1073.73,961.72,112.19,136.82,178.35,21589.0,,独立模拟示例.csv,独立生成,4021,完全独立模拟示例；非真实生产记录,False,,quick-9915
SIM-001407,G01,2024-07-18T05:46:00,10076.0,1100.0,230.0,34.11,3.27,1190.0,432.29,1081.39,971.03,108.61,179.38,207.38,20011.0,,独立模拟示例.csv,独立生成,1408,完全独立模拟示例；非真实生产记录,False,,quick-9924
SIM-007964,G04,2024-07-31T21:14:00,9813.0,1100.0,250.0,39.77,3.11,1170.07,447.24,1027.06,916.81,143.0,209.03,188.09,21185.0,,独立模拟示例.csv,独立生成,7965,完全独立模拟示例；非真实生产记录,False,,quick-9932
SIM-003809,G02,2024-07-23T23:17:00,9715.0,1600.0,230.0,40.15,3.25,1179.86,455.63,1056.62,961.2,123.24,154.45,222.62,28063.0,,独立模拟示例.csv,独立生成,3810,完全独立模拟示例；非真实生产记录,False,,quick-9950
SIM-004126,G03,2024-07-05T03:03:00,9768.0,1400.0,230.0,38.32,3.79,1203.38,391.23,1077.75,966.6,125.63,204.51,163.52,24692.0,,独立模拟示例.csv,独立生成,4127,完全独立模拟示例；非真实生产记录,False,,quick-9962
SIM-009349,G05,2024-07-11T21:11:00,10371.0,1100.0,250.0,47.3,4.9,1195.68,458.48,1045.76,923.47,149.92,206.32,201.54,22388.0,,独立模拟示例.csv,独立生成,9350,完全独立模拟示例；非真实生产记录,False,,quick-9970
SIM-001810,G01,2024-07-26T05:40:00,10380.0,1100.0,210.0,30.79,3.42,1206.71,270.7,1083.42,969.69,123.29,146.06,186.07,18823.0,,独立模拟示例.csv,独立生成,1811,完全独立模拟示例；非真实生产记录,False,,quick-9988
SIM-005785,G03,2024-07-02T23:14:00,9877.0,1600.0,230.0,36.47,3.97,1197.64,222.21,1060.13,966.1,137.51,215.31,182.44,28532.0,,独立模拟示例.csv,独立生成,5786,完全独立模拟示例；非真实生产记录,False,,quick-9991
SIM-008337,G05,2024-07-04T02:58:00,9784.0,1400.0,230.0,43.98,2.33,1186.37,513.17,1040.7,934.81,145.68,202.41,203.89,24730.0,,独立模拟示例.csv,独立生成,8338,完全独立模拟示例；非真实生产记录,False,,quick-9998
SIM-002395,G02,2024-07-23T00:48:00,10096.0,1100.0,230.0,35.19,2.51,1210.28,396.72,1085.31,986.0,124.97,162.8,210.28,20052.0,,独立模拟示例.csv,独立生成,2396,完全独立模拟示例；非真实生产记录,False,,quick-9999
SIM-007213,G04,2024-07-07T16:49:00,10267.0,1250.0,230.0,40.49,4.2,1175.78,462.07,1050.22,934.33,125.56,208.06,194.59,23171.0,,独立模拟示例.csv,独立生成,7214,完全独立模拟示例；非真实生产记录,False,,quick-10000
